first	last	0
27	46	0.08071138224155208
28	47	0.08779050030268523
29	48	0.04948367603380639
30	49	0.04948367603380639
31	50	0.18967661649401923
32	51	0.18967661649401923
33	52	0.16501762178601115
34	53	0.16501762178601115
35	54	0.10984428607314689
36	55	0.20178056969906016
37	56	0.20178056969906016
38	57	0.12990703017065136
39	58	0.12990703017065136
40	59	0.12990703017065136
41	60	0.4860289646187682
42	61	0.4860289646187682
43	62	0.6130177908916786
44	63	0.6130177908916786
45	64	0.5998069872066953
46	65	0.6217864404744614
47	66	0.5026797323963275
48	67	0.30221351353309506
49	68	0.28345646657270385
50	69	0.28345646657270385
51	70	0.08380724093776931
52	71	0.08380724093776931
53	72	0.218197651569709
54	73	0.218197651569709
55	74	0.6606658192584585
56	75	0.5427236223552426
57	76	0.5936058020058388
58	77	0.6407871555322948
59	78	0.6407871555322948
60	79	0.6407871555322948
61	80	0.6839902124961775
62	81	0.6839902124961775
63	82	0.680053588376983
64	83	0.680053588376983
65	84	0.680053588376983
66	85	0.7874826741881762
67	86	0.7927512380601826
68	87	0.8003922791956467
69	88	0.8030844768128974
70	89	0.6973937934042219
71	90	0.6740603123669692
72	91	0.6740603123669692
73	92	0.6505971586223913
74	93	0.6505971586223913
75	94	0.21747136420940721
76	95	0.8875622183548351
77	96	0.8811989358336076
78	97	0.8471421173786851
79	98	0.8497176426803771
80	99	0.8741001187803811
81	100	0.8912137363147411
82	101	0.8869882668242409
83	102	0.7655033371749211
84	103	0.7655033371749211
85	104	0.7655033371749211
86	105	0.7655033371749211
87	106	0.7380904574152762
88	107	0.7100116550369385
89	108	0.7100116550369385
90	109	0.7149432408529306
91	110	0.7468674418979401
92	111	0.725973082062933
93	112	0.725973082062933
94	113	0.6382543470897197
95	114	0.5076126806535333
96	115	0.49643236842246063
97	116	0.5549787614666917
98	117	0.5144195419982827
99	118	0.5523876814464725
100	119	0.49813513474858784
101	120	0.2885603582651502
102	121	0.2799174654092562
103	122	0.35480262662883877
104	123	0.1787823768234622
105	124	0.1787823768234622
106	125	0.1787823768234622
107	126	0.21629618724191646
108	127	0.039014032554040734
109	128	0.08161364698724782
110	129	0.08161364698724782
111	130	0.08161364698724782
112	131	0.1463175634092259
113	132	0.1439227641910068
114	133	0.10924949211180554
115	134	0.1047939444449741
116	135	0.10692825263854652
117	136	0.1508170678512239
118	137	0.14216729220052085
119	138	0.28110247553777523
120	139	0.28110247553777523
121	140	0.3449846099425089
122	141	0.3449846099425089
123	142	0.29658807384976055
124	143	0.2818037537358222
125	144	0.2997105047734854
126	145	0.2997105047734854
127	146	0.24948164897366537
128	147	0.28315003812380557
129	148	0.20899531626383422
130	149	0.20899531626383422
131	150	0.21836545683127032
132	151	0.21816265899687703
133	152	0.1438808807798678
134	153	0.10854553115717144
135	154	0.19098498129817246
136	155	0.27578643849668
137	156	0.5390798630695911
138	157	0.5390798630695911
139	158	-0.1211791846996618
140	159	-0.1211791846996618
141	160	-0.1211791846996618
142	161	-0.1313448580746136
143	162	-0.12755729108267672
144	163	0.11516091330252637
145	164	0.312899236247006
146	165	0.312899236247006
147	166	0.32617916610303227
148	167	0.47716264513217277
149	168	0.4869146056675348
150	169	0.27534998096908936
151	170	0.1652524925094433
152	171	0.1652524925094433
153	172	0.2827293393011389
154	173	0.2125105241495209
155	174	0.20393046658305708
156	175	-0.01760008829068671
157	176	-0.01760008829068671
158	177	-0.01760008829068671
159	178	-0.03413402393330564
160	179	0.08308776434027648
161	180	0.11160662162288122
162	181	0.19945407206796925
163	182	0.2829908385729577
164	183	0.29878450426606307
165	184	0.3139972951254877
166	185	0.3139972951254877
167	186	0.2949449618808445
168	187	0.29138797359750535
169	188	0.2555796176195946
170	189	0.5600766961672028
171	190	0.5569019893029357
172	191	0.5569019893029357
173	192	0.42477663915610325
174	193	0.08235415856131481
175	194	0.07446878999612772
176	195	0.07441243510379694
177	196	0.07236854475151303
178	197	0.07285868540350371
179	198	0.15803935243837233
180	199	0.10808504972977807
181	200	0.05514141085243307
182	201	-0.07299984694783031
183	202	-0.17879982878134726
184	203	-0.17879982878134726
185	204	-0.015605815586316941
186	205	-0.015605815586316941
187	206	-0.015605815586316941
188	207	-0.10878170442381088
189	208	0.017011004248380132
190	209	0.17581297127851636
191	210	0.3446952696120878
192	211	0.33959123110809025
193	212	0.32450056770116775
194	213	0.3635057191427882
195	214	0.3619743451961094
196	215	0.3094557814442832
197	216	0.31555738533556243
198	217	0.43607485541287744
199	218	0.47972684274653143
200	219	0.5293298600583238
201	220	0.4363238210792833
202	221	0.4363238210792833
203	222	0.3778138450079549
204	223	0.3778138450079549
205	224	-0.0407032234508134
206	225	-0.0407032234508134
207	226	0.32366981165012476
208	227	0.48513391592676136
209	228	0.23164178508039707
210	229	0.18389109144451607
211	230	0.13867352984141185
212	231	0.11004683683363527
213	232	0.10700147986077806
214	233	0.11007774404810788
215	234	0.11007774404810788
216	235	0.07176910997741873
217	236	0.011774049984337238
218	237	-0.09840016512647609
219	238	0.03026170523970168
220	239	0.11740446608819896
221	240	0.04874058988863236
222	241	0.050734133297769185
223	242	0.045976552692029826
224	243	0.06508530955043647
225	244	-0.011207089310058135
226	245	0.07670690827127224
227	246	0.12202173136596489
228	247	0.04663671868872216
229	248	0.181585756426138
230	249	0.17125892105102736
231	250	0.1655671752052007
232	251	0.1655671752052007
233	252	0.20021656399906865
234	253	0.18435713718340602
235	254	0.18435713718340602
236	255	0.24122455527549513
237	256	0.0646280362750147
238	257	0.0646280362750147
239	258	0.023724074314770083
240	259	-0.04837991166610518
241	260	0.321735920535963
242	261	0.16134451925709598
243	262	0.16134451925709598
244	263	0.2930740846227389
245	264	0.2930740846227389
246	265	0.19245846108860215
247	266	0.046174091196978045
248	267	0.046174091196978045
249	268	0.046174091196978045
250	269	-0.053302214319700586
251	270	0.2973392667042398
252	271	0.1633382576478586
253	272	-0.5590205292902076
254	273	0.710493490338555
255	274	0.710493490338555
256	275	0.710493490338555
257	276	0.7977204120036157
258	277	0.7977204120036157
259	278	0.7977204120036157
260	279	0.7977204120036157
261	280	0.806519793994814
262	281	0.7418704332721213
263	282	0.3260493141353803
264	283	0.3260493141353803
265	284	0.3260493141353803
266	285	0.4669606770125554
267	286	0.4669606770125554
268	287	0.4782639152643041
269	288	0.4782639152643041
270	289	0.3273218172773039
271	290	0.22815414305455312
272	291	0.49754025369181704
273	292	0.49754025369181704
274	293	0.14037095507564598
275	294	0.21890149868026068
276	295	0.20963678894682097
277	296	0.10480653075233257
278	297	0.10480653075233257
279	298	0.10480653075233257
280	299	0.10480653075233257
281	300	0.13258901995977673
282	301	0.2784516792369771
283	302	0.1244633814007543
284	303	0.12305836861698669
285	304	0.12305836861698669
286	305	0.14512825964942339
287	306	0.21750517150634643
288	307	0.24562319614078937
289	308	0.2829274906153364
290	309	0.34738763880651446
291	310	0.34738763880651446
292	311	0.34748053719151495
293	312	0.3473025523587392
294	313	0.4235356474501826
295	314	0.42133159991141333
296	315	0.4425963773300559
297	316	0.42785378732121726
298	317	0.43053077609954393
299	318	0.42733073624693196
300	319	0.41763611147524426
301	320	0.41763611147524426
302	321	0.43921229748021295
303	322	0.7489067872957291
304	323	0.3288673100931012
305	324	0.34140405217159125
306	325	0.2735090795506052
307	326	0.2172199157073873
308	327	0.15800894300562424
309	328	0.17244758336188887
310	329	0.17244758336188887
311	330	0.17244758336188887
312	331	0.04803440747278695
313	332	0.10584013792772042
314	333	0.6670927443520136
315	334	0.66556304519581
316	335	0.6655559378120739
317	336	0.7378171748723368
318	337	0.7730033655011885
319	338	0.7707163994018906
320	339	0.8116214399331603
321	340	0.8116214399331603
322	341	0.8116214399331603
323	342	0.8326796017695135
324	343	0.9607013706451855
325	344	0.9567542166565813
326	345	0.8588124171887364
327	346	0.8588124171887364
328	347	0.8588124171887364
329	348	0.8210965361249563
330	349	0.8444985179807498
331	350	0.8444985179807498
332	351	0.8444985179807498
333	352	0.8444985179807498
334	353	0.5521198629227306
335	354	0.5578947772993856
336	355	0.5081810168632818
337	356	0.5124879731163579
338	357	0.44456392983566606
339	358	0.44456392983566606
340	359	0.3235926893640151
341	360	0.3235926893640151
342	361	0.3235926893640151
343	362	0.21838043608279553
344	363	0.21838043608279553
345	364	0.30065689447697264
346	365	0.39758388060178623
347	366	0.39758388060178623
348	367	0.39758388060178623
349	368	0.39758388060178623
350	369	0.41907566435727606
351	370	0.41907566435727606
352	371	0.41907566435727606
353	372	0.5711363392346291
354	373	0.7806585365708079
355	374	0.7780235053834632
356	375	0.7868756147907154
357	376	0.79714892386082
358	377	0.79714892386082
359	378	0.79714892386082
360	379	0.79714892386082
361	380	0.79714892386082
362	381	0.79714892386082
363	382	0.7572100215827565
364	383	0.6145995358149313
365	384	0.3569377601626073
366	385	0.26562235586870464
367	386	0.27281602372995617
368	387	0.27281602372995617
369	388	0.41097285236337844
370	389	0.450456946805389
371	390	0.450456946805389
372	391	0.5020158315756145
373	392	0.49266639444593074
374	393	0.5344920116508902
375	394	0.5478243859087384
376	395	0.5449541916590602
377	396	0.5449541916590602
378	397	0.5469909085045168
379	398	0.5469909085045168
380	399	0.3100436280238862
381	400	0.29573651724855254
382	401	0.3484285795152254
383	402	0.3484285795152254
384	403	0.4992349292673771
385	404	0.40212008664089116
386	405	0.4362728946512877
387	406	0.504525788192057
388	407	0.5248127560205831
389	408	0.5049442245044351
390	409	0.4727941961815668
391	410	0.48065775655327087
392	411	0.46568505304200036
393	412	0.42374365011776804
394	413	0.41461207539355976
395	414	0.5202136266310649
396	415	0.5387748275404158
397	416	0.5555718711262585
398	417	0.5245297602993803
399	418	0.4598918579246126
400	419	0.46074766513004156
401	420	0.39052309294598386
402	421	0.35359554302465335
403	422	0.35359554302465335
404	423	-0.024955256065858966
405	424	0.6077538854319031
406	425	0.6069687898424656
407	426	0.6088963851674546
408	427	0.6039999521655627
409	428	0.6052825999443343
410	429	0.6052825999443343
411	430	0.6598064725873928
412	431	0.52379342076141
413	432	0.5644505337582425
414	433	0.5896793171234633
415	434	0.5580649149838885
416	435	0.5419513690513198
417	436	0.5188053022786141
418	437	0.5110714642070662
419	438	0.496894353139062
420	439	0.496894353139062
421	440	0.6560955798736243
422	441	0.6544616589165759
423	442	0.6850225602647277
424	443	0.6836394280535811
425	444	0.6317943083008815
426	445	0.6326411410760256
427	446	0.6240354436657518
428	447	0.570478735566418
429	448	0.5350601644876761
430	449	0.4892241296380664
431	450	0.39440447728943107
432	451	0.5286322336360311
433	452	0.4298701241840338
434	453	0.23366271570781352
435	454	0.2552279554284863
436	455	0.3586394587043085
437	456	0.46957428842854415
438	457	0.5239912053338666
439	458	0.5604628913183975
440	459	0.5604628913183975
441	460	0.5604628913183975
442	461	0.5713664519095467
443	462	0.5271377390569134
444	463	0.674038496369886
445	464	0.674038496369886
446	465	0.674038496369886
447	466	0.6734876315435021
448	467	0.6734876315435021
449	468	0.68187403577896
450	469	0.7069972421013465
451	470	0.7791556477493792
452	471	0.6793970009750445
453	472	0.6980181523293317
454	473	0.6590316070877316
455	474	0.7362401846384485
456	475	0.777170867201458
457	476	0.499730113694379
458	477	0.4200861510026986
459	478	0.10160061762391744
460	479	0.008409476051019354
461	480	-0.023166225846549995
462	481	0.09770046453470344
463	482	0.09770046453470344
464	483	0.07272721436688143
465	484	0.08868299396733675
466	485	0.06101312070977943
467	486	0.0637539803266941
468	487	0.187627972680734
469	488	0.2883149488152777
470	489	0.2883149488152777
471	490	0.2883149488152777
472	491	0.2883149488152777
473	492	0.21983147029929234
474	493	0.3627507781678465
475	494	0.3676456013519751
476	495	0.2799823126715955
477	496	0.2904268650904719
478	497	0.33178194951711804
479	498	-0.1644735953609845
480	499	0.10364427320928964
481	500	0.29748529513490574
482	501	0.296346382662874
483	502	0.29421525188916037
484	503	0.2978919348944862
485	504	0.3019642829777723
486	505	0.3203789701132877
487	506	0.3289018388504946
488	507	0.30058448362908474
489	508	0.2539176896311342
490	509	0.11716693689719634
491	510	0.11716693689719634
492	511	0.07612923739499257
493	512	0.10801054850922717
494	513	0.10032330337384462
495	514	0.06584804806791698
496	515	0.10750080785597783
497	516	0.10750080785597783
498	517	0.06514095917266101
499	518	0.1562353803767798
500	519	0.3402018921532471
501	520	0.19768507049930123
502	521	0.25678756964785737
503	522	0.28140018522360644
504	523	0.2732664827291161
505	524	0.2732664827291161
506	525	0.2732664827291161
507	526	0.2732664827291161
508	527	0.3808028863123153
509	528	0.42220604629161596
510	529	0.5161699174569702
511	530	0.5161699174569702
512	531	0.9512769820458684
513	532	0.9537597855530562
514	533	0.9573916661059395
515	534	0.8569184982321423
516	535	0.7191386632681378
517	536	0.6713576487490851
518	537	0.6713576487490851
519	538	0.6679410237174549
520	539	0.6679410237174549
521	540	0.6679410237174549
522	541	0.6793732480102764
523	542	0.6793732480102764
524	543	0.668962444389698
525	544	0.668962444389698
526	545	0.5564707546114056
527	546	0.5477790598161781
528	547	-0.13335939003882727
529	548	-0.2909330233095926
530	549	-0.2909330233095926
531	550	-0.2909330233095926
532	551	-0.1788175084108058
533	552	-0.750058396839615
534	553	-0.6362966828929824
535	554	-0.6355899121214637
536	555	-0.6274923009601163
537	556	-0.8177991474871187
538	557	-0.38306118795912325
539	558	-0.5386628025654292
540	559	-0.5386628025654292
541	560	-0.5386628025654292
542	561	-0.5550393168191398
543	562	-0.5550393168191398
544	563	-0.5135014359441704
545	564	-0.5135014359441704
546	565	-0.4465690306721268
547	566	-0.12051762563691865
548	567	-0.12051762563691865
549	568	-0.12051762563691865
550	569	-0.12051762563691865
551	570	-0.10835074490011903
552	571	-0.10835074490011903
553	572	0.19504705639460246
554	573	0.13770166510295778
555	574	0.1728876247625014
556	575	0.18970076082385554
557	576	0.18970076082385554
558	577	-0.08935630077178075
559	578	0.34000079562890684
560	579	0.24583437322100743
561	580	0.3827580873149614
562	581	0.5293540569434791
563	582	0.5732228789175561
564	583	0.6152854260965703
565	584	0.641915530405808
566	585	0.6482544192009687
567	586	0.5879989821353783
568	587	0.5410142345914322
569	588	0.5410142345914322
570	589	0.5410142345914322
571	590	0.6130887231786153
572	591	0.6130887231786153
573	592	0.44257909731418926
574	593	0.5318529671455337
575	594	0.6457912462757648
576	595	0.5495532310497591
577	596	0.5495532310497591
578	597	0.5529561768771135
579	598	0.4492769301429996
580	599	0.527733597497755
581	600	0.47686368680618507
582	601	0.3980059591870254
583	602	0.16729316310306286
584	603	0.15658496588964982
585	604	0.1017905898325934
586	605	0.3019969481260314
587	606	0.4103692057772419
588	607	0.4955551252999463
589	608	0.327212351638034
590	609	0.327212351638034
591	610	0.327212351638034
592	611	0.3613506504938485
593	612	0.3058240541643345
594	613	0.3058240541643345
595	614	0.1579289450344955
596	615	0.3356022652760825
597	616	0.1723833372694133
598	617	0.1659275316689094
599	618	0.2387788914231001
600	619	0.2387788914231001
601	620	0.2387788914231001
602	621	0.19892236314120101
603	622	0.22076194311451292
604	623	0.2164134454868541
605	624	0.23021676701515262
606	625	0.09962425339708164
607	626	-0.10624719685929324
608	627	-0.10624719685929324
609	628	0.22878331755786888
610	629	0.22878331755786888
611	630	0.22878331755786888
612	631	0.3001289542666962
613	632	0.20260091109536998
614	633	0.20260091109536998
615	634	0.23337440558187195
616	635	-0.1267118605323015
617	636	0.19177102793242096
618	637	0.24273876014867746
619	638	0.24273876014867746
620	639	0.4316349246109739
621	640	0.4316349246109739
622	641	0.2114238303856114
623	642	0.29311597197241274
624	643	0.37587935337510314
625	644	0.4226354690460559
626	645	0.49154371335941927
627	646	0.30935359476727803
628	647	0.18320227211631906
629	648	0.19730531929674439
630	649	0.24549954089058612
631	650	0.2751101648925785
632	651	0.2797688329350191
633	652	0.30963024665120864
634	653	0.30963024665120864
635	654	0.30963024665120864
636	655	0.30963024665120864
637	656	0.4433858982512158
638	657	0.43568815848528836
639	658	0.45183728520606614
640	659	0.4441285959210776
641	660	0.27909490493191313
642	661	0.32582407211761044
643	662	0.3036033697366552
644	663	0.30125976551332584
645	664	0.24121563947447444
646	665	0.24121563947447444
647	666	0.29947845089051384
648	667	0.4971953192496652
649	668	0.6693056850937485
650	669	0.5585458591967476
651	670	0.46971131710400377
652	671	0.4114504895599347
653	672	0.4114504895599347
654	673	0.4114504895599347
655	674	0.4114504895599347
656	675	0.4114504895599347
657	676	0.1330287800802985
658	677	0.08877464383502578
659	678	0.002500641446447155
660	679	0.002500641446447155
661	680	0.41183333561308894
662	681	0.41183333561308894
663	682	0.38454206412237346
664	683	0.09627635605087173
665	684	0.5428511945952883
666	685	0.5428511945952883
667	686	0.5733206851427854
668	687	0.4453269902267084
669	688	0.40553830795974066
670	689	0.10155709106446921
671	690	0.42706753089309873
672	691	0.42706753089309873
673	692	0.47459682795235025
674	693	0.29434517332572074
675	694	0.3834982497964147
676	695	0.3834982497964147
677	696	0.3783087509900689
678	697	0.4308872109670614
679	698	0.4249422325352401
680	699	0.4249422325352401
681	700	0.4249422325352401
682	701	0.24863112552508998
683	702	0.3139054917141482
684	703	0.35383729595372504
685	704	0.35383729595372504
686	705	0.37871541318957436
687	706	0.43066326174176744
688	707	0.44301070720284125
689	708	0.5905803006554177
690	709	0.40508269915265227
691	710	0.48957207614456566
692	711	0.508919176867229
693	712	0.4967609571943195
694	713	0.5501562531007054
695	714	0.5190538248045135
696	715	0.5190538248045135
697	716	0.5190538248045135
698	717	0.5190538248045135
699	718	0.6133396696061629
700	719	0.6133396696061629
701	720	0.6256340339958798
702	721	0.6733359365973584
703	722	0.6619507131051775
704	723	0.6387468541732774
705	724	0.585052106283676
706	725	0.617076999659974
707	726	0.6890748730859273
708	727	0.2176001074051332
709	728	0.16707778572296839
710	729	0.20348511385618376
711	730	-0.16799048176814038
712	731	-0.22024886027118376
713	732	-0.009514589696447806
714	733	-0.03239902363812337
715	734	-0.056588908654515685
716	735	0.07607612201233362
717	736	0.12114815821788841
718	737	0.12114815821788841
719	738	0.12114815821788841
720	739	0.12114815821788841
721	740	0.0610823088245666
722	741	0.06972288477272975
723	742	0.01647492367393813
724	743	0.11625629931917748
725	744	0.10048036035507717
726	745	0.10048036035507717
727	746	0.10048036035507717
728	747	0.7396959055149139
729	748	0.7396959055149139
730	749	0.707207957860329
731	750	0.707207957860329
732	751	0.707207957860329
733	752	0.9469872944308397
734	753	0.849814461684778
735	754	0.8390635999765229
736	755	0.7957924346983677
737	756	0.7340825736421213
738	757	0.8283523698251255
739	758	0.8569071720530194
740	759	0.7893340998303336
741	760	0.8308618156503897
742	761	0.8308618156503897
743	762	0.6276240126093637
744	763	0.5859377267637527
745	764	0.5849791972216765
746	765	0.43309965105726433
747	766	0.49593387576603704
748	767	0.5456195286032506
749	768	0.5456195286032506
750	769	0.5456195286032506
751	770	0.5456195286032506
752	771	0.5114566990208427
753	772	0.48728831321541577
754	773	0.5502156908601806
755	774	0.5617511217720812
756	775	0.5175535131656189
757	776	0.5175535131656189
758	777	0.4751964858421669
759	778	0.41431286119748534
760	779	0.4306728204532788
761	780	0.41731211268095986
762	781	0.41731211268095986
763	782	0.6179204802191558
764	783	0.4893347364689698
765	784	0.5512177823879572
766	785	0.6377989548444367
767	786	0.6689688539201273
768	787	0.6817510092310839
769	788	0.6955580028862915
770	789	0.6955580028862915
771	790	0.6882883175495171
772	791	0.6032315791887415
773	792	0.6030651102227675
774	793	0.6128874044014241
775	794	0.6419179435470401
776	795	0.5488933788477361
777	796	0.422412219315529
778	797	0.45779929740847214
779	798	0.45779929740847214
780	799	0.45779929740847214
781	800	0.44701516490736126
782	801	0.44701516490736126
783	802	0.44701516490736126
784	803	0.6150889949195086
785	804	0.586106695632673
786	805	0.5461259708749918
787	806	0.5014010150595686
788	807	0.43578423193498833
789	808	0.3005919731077657
790	809	0.43299702903922294
791	810	0.4030868072793521
792	811	0.48681742030787045
793	812	0.29703451351998456
794	813	0.29703451351998456
795	814	0.21897168560825733
796	815	0.4463553073642491
797	816	0.42210147871255166
798	817	0.42210147871255166
799	818	0.42210147871255166
800	819	0.43047110450848736
801	820	0.20501171171516502
802	821	0.20501171171516502
803	822	0.23681397539769278
804	823	0.23681397539769278
805	824	0.2730720680797415
806	825	0.2926596978806594
807	826	0.28248348259731804
808	827	0.28248348259731804
809	828	0.28302740459185394
810	829	0.25145769168427723
811	830	0.25145769168427723
812	831	0.22314420877580693
813	832	0.2233031988975392
814	833	0.2233031988975392
815	834	0.31955030113307525
816	835	0.35797800591273377
817	836	0.6972938706466453
818	837	0.6939896137821147
819	838	0.5624505149875867
820	839	0.5591031508301205
821	840	0.7851504769750299
822	841	0.7851504769750299
823	842	0.7665666409611958
824	843	0.7665666409611958
825	844	0.7015140204231332
826	845	0.6556308157190156
827	846	0.6556308157190156
828	847	0.6695294477997638
829	848	0.37114473863074804
830	849	0.5522297754291983
831	850	0.5522297754291983
832	851	0.5522297754291983
833	852	0.5567831415795993
834	853	0.5567831415795993
835	854	0.526887752909855
836	855	0.526887752909855
837	856	0.5343987626122003
838	857	0.5412943901352401
839	858	0.6743855893366821
840	859	0.5601570495414274
841	860	0.5182838073462663
842	861	0.5285691103487933
843	862	0.5285691103487933
844	863	0.4467141569196438
845	864	0.4643970174630378
846	865	0.4643970174630378
847	866	0.4643970174630378
848	867	0.4650557980826128
849	868	0.6414473003471737
850	869	0.21021750989152543
851	870	0.1385289594336725
852	871	0.6492063882492891
853	872	0.6779837456196993
854	873	0.6346817779320012
855	874	0.5961647157362873
856	875	0.5961647157362873
857	876	0.5277455290747798
858	877	0.5296567172977139
859	878	0.5296567172977139
860	879	0.5869418462503398
861	880	0.6335853914090556
862	881	0.6373843174689435
863	882	0.6293291546929819
864	883	0.5732832891096988
865	884	0.5557347595937518
866	885	0.5557347595937518
867	886	0.5747691225771102
868	887	0.5796873084414484
869	888	0.5423114382184046
870	889	0.5203642371861946
871	890	0.6035924959980588
872	891	0.49034167115146066
873	892	-0.29642719996666567
874	893	-0.13730348107965842
875	894	-0.004072230796009602
876	895	-0.004072230796009602
877	896	0.3828632935892905
878	897	0.3828632935892905
879	898	0.3713959254421372
880	899	0.39945382760628656
881	900	0.41197971874900224
882	901	0.39250806700188845
883	902	0.23318139685342198
884	903	0.6630080945060582
885	904	0.751877051208456
886	905	0.751877051208456
887	906	0.7104175958802039
888	907	0.6029015342573254
889	908	0.7040515773015042
890	909	0.6927710081855692
891	910	0.6927710081855692
892	911	0.7079827108587068
893	912	0.7720953860863178
894	913	0.751731593758095
895	914	0.8397135712935081
896	915	0.44023138531654965
897	916	0.4376007620557323
898	917	0.4952531125796228
899	918	-0.1036963886769462
900	919	-0.12560327255567566
901	920	-0.12560327255567566
902	921	-0.12560327255567566
903	922	-0.0809547638300395
904	923	-0.0809547638300395
905	924	-0.08647286840646645
906	925	-0.08647286840646645
907	926	-0.12051667215864321
908	927	-0.139723808060251
909	928	0.27069859448729433
910	929	0.27069859448729433
911	930	0.3241806558320648
912	931	0.32186047362665204
913	932	0.30639319211228805
914	933	0.30639319211228805
915	934	0.3687741698835821
916	935	0.5696980717694894
917	936	0.767932066964442
918	937	0.7512762971692348
919	938	0.9174690603882697
920	939	0.9198335024168738
921	940	0.9198335024168738
922	941	0.9198335024168738
923	942	0.9104609173896807
924	943	0.8375690484187122
925	944	0.7955458108908978
926	945	0.7955458108908978
927	946	0.7852648475343869
928	947	0.7852648475343869
929	948	0.6714368177953781
930	949	0.6714368177953781
931	950	0.6070386362913711
932	951	0.48508461003327946
933	952	0.3548417756461766
934	953	0.26882632099476966
935	954	0.23425728246494854
936	955	0.17138118794067317
937	956	0.1373826590149863
938	957	0.20088363038446952
939	958	0.23505038636292036
940	959	0.18406707452435883
941	960	0.18406707452435883
942	961	0.5746638356583432
943	962	0.5888872128897196
944	963	0.6158913933043623
945	964	0.6284615491142092
946	965	0.630839646200323
947	966	0.6416609260296533
948	967	0.6292899015701305
949	968	0.6292899015701305
950	969	0.6369060590452024
951	970	0.6353738662382724
952	971	0.6482471119953404
953	972	0.7891347198003265
954	973	0.8213707501079472
955	974	0.8391784571105346
956	975	0.8408486295562588
957	976	0.8039914261471064
958	977	0.7857889891724386
959	978	0.7822503510937535
960	979	0.778011774768381
961	980	0.7749676187715375
962	981	0.22297345343727043
963	982	0.21687372766664031
964	983	0.16222520419632527
965	984	-0.2642551973843139
966	985	-0.38115751094423794
967	986	-0.4180176697562403
968	987	-0.4323325044393374
969	988	-0.4323325044393374
970	989	-0.5613933786336147
971	990	-0.5613933786336147
972	991	-0.5896870783656282
973	992	-0.8523849424997318
974	993	-0.8523849424997318
975	994	-0.8523849424997318
976	995	-0.8523849424997318
977	996	-0.8844839668386871
978	997	-0.9493737672043451
979	998	-0.8729096318909325
980	999	-0.8880467419716386
981	1000	-0.8916139463337807
982	1001	-0.7637727584717464
983	1002	-0.7637727584717464
984	1003	-0.7368589344173871
985	1004	-0.6251651461853323
986	1005	-0.056299697597452354
987	1006	-0.056299697597452354
988	1007	-0.056299697597452354
989	1008	-0.056299697597452354
990	1009	-0.056299697597452354
991	1010	-0.04506386455370342
992	1011	0.11498755925437486
993	1012	0.6159157579601804
994	1013	0.6159157579601804
995	1014	0.7132367072896039
996	1015	0.7610400307149838
997	1016	0.7639986378414221
998	1017	0.7441460129952226
999	1018	0.7930920609367165
1000	1019	0.8524690845402672
1001	1020	0.7827347062963798
1002	1021	0.5438186064348551
1003	1022	0.5438186064348551
1004	1023	0.5761532085691703
1005	1024	0.6002682308378113
1006	1025	0.58049378294401
1007	1026	0.58049378294401
1008	1027	0.58049378294401
1009	1028	0.5500832968601626
1010	1029	0.5500832968601626
1011	1030	0.5640067638795028
1012	1031	0.5618478137076797
1013	1032	0.5618478137076797
1014	1033	0.5618478137076797
1015	1034	0.5370358900151373
1016	1035	0.5423182201387486
1017	1036	0.5522422722970781
1018	1037	0.32032687090006645
1019	1038	0.15631921844951402
1020	1039	0.1276319625785808
1021	1040	0.27878419405106863
1022	1041	0.18059273621342256
1023	1042	0.18059273621342256
1024	1043	-0.16671991062719732
1025	1044	-0.4249907775192412
1026	1045	-0.35032489889378504
1027	1046	-0.1344487338076891
1028	1047	-0.035184264664558706
1029	1048	-0.05807757745783115
1030	1049	-0.05807757745783115
1031	1050	0.05478393354799613
1032	1051	-0.09069035780061671
1033	1052	-0.09069035780061671
1034	1053	-0.09069035780061671
1035	1054	-0.09069035780061671
1036	1055	-0.1526650276876491
1037	1056	-0.14377143999345046
1038	1057	-0.12512040036951072
1039	1058	-0.08041375332703524
1040	1059	-0.0692311585605128
1041	1060	-0.13362575534105256
1042	1061	-0.12737587911026574
1043	1062	-0.12737587911026574
1044	1063	0.26413526530216913
1045	1064	0.276452687706242
1046	1065	0.276452687706242
1047	1066	0.12939691209099846
1048	1067	0.04060126960425728
1049	1068	0.19877341973900944
1050	1069	0.09919674491959025
1051	1070	-0.13012535282262577
1052	1071	0.5943483595679322
1053	1072	0.5943483595679322
1054	1073	0.5993041418599276
1055	1074	0.26816817686395406
1056	1075	0.30794564658391876
1057	1076	0.30701920780003
1058	1077	0.30521630911923425
1059	1078	0.30521630911923425
1060	1079	0.302983200643005
1061	1080	0.3110870723471245
1062	1081	0.3128711222457633
1063	1082	0.35016667603393103
1064	1083	0.2988963620544351
1065	1084	0.2988963620544351
1066	1085	0.31928392636600494
1067	1086	0.35013300507634676
1068	1087	0.37902457000056633
1069	1088	0.4208807546534636
1070	1089	0.6555919412375649
1071	1090	0.6555919412375649
1072	1091	0.6325346065716154
1073	1092	0.6436184333168234
1074	1093	0.6802035967328116
1075	1094	0.8809032892516463
1076	1095	0.8779708414728612
1077	1096	0.8779708414728612
1078	1097	0.7132257346974769
1079	1098	0.6812049309425529
1080	1099	0.6812049309425529
1081	1100	0.7255021020032083
1082	1101	0.7255021020032083
1083	1102	0.7762555037701705
1084	1103	0.7762555037701705
1085	1104	0.7007254133694947
1086	1105	0.7141520452271402
1087	1106	0.6809954737054342
1088	1107	0.6809954737054342
1089	1108	0.6320349966804285
1090	1109	0.5537868255493682
1091	1110	0.5537868255493682
1092	1111	0.555352798749537
1093	1112	0.4528078841537457
1094	1113	0.5648010105863687
1095	1114	0.564924649429895
1096	1115	0.578177654192373
1097	1116	0.631551696529218
1098	1117	0.6251850175279734
1099	1118	0.714577190978934
1100	1119	0.714577190978934
1101	1120	0.7261853323261864
1102	1121	0.73681572636845
1103	1122	0.7361532688486788
1104	1123	0.7478332637870984
1105	1124	0.7933206254356099
1106	1125	0.5193791315127709
1107	1126	0.3523707741749591
1108	1127	0.3477757831736254
1109	1128	0.3477757831736254
1110	1129	0.3732594408886132
1111	1130	0.3732594408886132
1112	1131	0.4439871476522449
1113	1132	0.44700511469911963
1114	1133	0.4353821723079211
1115	1134	0.4325510616550954
1116	1135	0.4402106724993988
1117	1136	0.40746164002924823
1118	1137	0.3656399216034037
1119	1138	0.3902627468469857
1120	1139	0.3902627468469857
1121	1140	0.03380727009795944
1122	1141	0.030475382722164518
1123	1142	0.00905073315279118
1124	1143	0.029705025034554855
1125	1144	-0.004224451587753406
1126	1145	-0.004224451587753406
1127	1146	-0.09683284096977213
1128	1147	-0.09615517653266922
1129	1148	-0.09615517653266922
1130	1149	-0.1246707402646483
1131	1150	-0.1246707402646483
1132	1151	-0.1246707402646483
1133	1152	-0.1478470984873499
1134	1153	-0.1478470984873499
1135	1154	-0.1478470984873499
1136	1155	-0.10509241782935835
1137	1156	-0.08256892895878654
1138	1157	-0.08256892895878654
1139	1158	-0.11887801634458245
1140	1159	-0.11887801634458245
1141	1160	0.807721259514367
1142	1161	0.8160136593644507
1143	1162	0.8160136593644507
1144	1163	0.7096125728996381
1145	1164	0.7096125728996381
1146	1165	0.729631825129629
1147	1166	0.99520098359991
1148	1167	0.9934824317797584
1149	1168	0.9934824317797584
1150	1169	0.9983460683557788
1151	1170	0.9983460683557788
1152	1171	0.99908024487414
1153	1172	0.99908024487414
1154	1173	0.99908024487414
1155	1174	0.99908024487414
1156	1175	0.8154606032552454
1157	1176	0.3927473336037319
1158	1177	0.3927473336037319
1159	1178	0.5425499218297658
1160	1179	0.6226425016669856
1161	1180	0.6318663659113488
1162	1181	0.6318663659113488
1163	1182	0.6563109826946025
1164	1183	0.6563109826946025
1165	1184	0.6861258088792208
1166	1185	0.7606174309087377
1167	1186	0.7606174309087377
1168	1187	0.7931797103722592
1169	1188	0.7931797103722592
1170	1189	0.7931797103722592
1171	1190	0.7931797103722592
1172	1191	0.7837520074170596
1173	1192	0.8145884825313734
1174	1193	0.8145884825313734
1175	1194	0.8145884825313734
1176	1195	0.8176599311939545
1177	1196	0.987088751503319
1178	1197	0.6084376160383029
1179	1198	0.548379477856487
1180	1199	0.3952436240592258
1181	1200	0.4454348587620002
1182	1201	0.3111661605974173
1183	1202	0.3688140945796144
1184	1203	0.3688140945796144
1185	1204	0.5528257999475271
1186	1205	0.9059840274180803
1187	1206	0.9059840274180803
1188	1207	0.9059840274180803
1189	1208	0.9125101408523282
1190	1209	0.9125101408523282
1191	1210	0.9125101408523282
1192	1211	0.9125101408523282
1193	1212	0.5539568564272662
1194	1213	0.5539568564272662
1195	1214	0.601617599517219
1196	1215	0.570982881777801
1197	1216	0.570982881777801
1198	1217	0.2711836086644529
1199	1218	0.26716045620112877
1200	1219	0.26716045620112877
1201	1220	0.21593849585375094
1202	1221	0.33471309869343746
1203	1222	0.3711448212152666
1204	1223	0.3711448212152666
1205	1224	0.2778423132012244
1206	1225	0.229420508315464
1207	1226	0.229420508315464
1208	1227	0.229420508315464
1209	1228	0.3740248232668645
1210	1229	0.3740248232668645
1211	1230	0.3740248232668645
1212	1231	0.3134536697307246
1213	1232	0.3253027504289196
1214	1233	0.4156349294392744
1215	1234	0.31981585599765117
1216	1235	0.3596492337431487
1217	1236	0.33553665905708524
1218	1237	0.4215287111160786
1219	1238	0.4307223459313201
1220	1239	0.4173487944867553
1221	1240	0.4516638863535283
1222	1241	0.42800468042044293
1223	1242	0.3666954476512646
1224	1243	0.3862608107514738
1225	1244	0.3780350325562976
1226	1245	0.3547913147575967
1227	1246	0.3541963057655657
1228	1247	0.2996697539798666
1229	1248	0.07283298260908418
1230	1249	0.28718035140926346
1231	1250	0.28718035140926346
1232	1251	0.464928648114547
1233	1252	0.45054259534824653
1234	1253	0.37784892604938813
1235	1254	0.37784892604938813
1236	1255	0.4653245410162291
1237	1256	0.42027362788160444
1238	1257	0.4291558572232814
1239	1258	0.39151567045978425
1240	1259	0.3775974086200836
1241	1260	0.6115571048872477
1242	1261	0.6725703043786546
1243	1262	0.7025801976909167
1244	1263	0.7277696512506495
1245	1264	0.7583518605759221
1246	1265	0.8196525791281094
1247	1266	0.7765383728821651
1248	1267	0.8589658542343539
1249	1268	0.8543367926719831
1250	1269	0.8554065347193875
1251	1270	0.8554065347193875
1252	1271	0.8554065347193875
1253	1272	0.6665350883706609
1254	1273	0.6663311418040057
1255	1274	0.6663311418040057
1256	1275	0.5899839848051747
1257	1276	0.638751370985545
1258	1277	0.6545824646870355
1259	1278	0.8119646881505492
1260	1279	0.7335998857916304
1261	1280	0.7225417662274716
1262	1281	0.7234454488666272
1263	1282	0.7252922926705039
1264	1283	0.7252922926705039
1265	1284	0.7095183361603246
1266	1285	0.7209127184427623
1267	1286	0.7388915877696999
1268	1287	0.7388915877696999
1269	1288	0.7225663391725575
1270	1289	0.697522907950678
1271	1290	0.723727312371619
1272	1291	0.7456100632091472
1273	1292	0.6736810778830851
1274	1293	0.555944589246592
1275	1294	0.5396028812836065
1276	1295	0.9150510626750048
1277	1296	0.9129118461008956
1278	1297	0.9193225373799659
1279	1298	0.9053820274444586
1280	1299	0.8651277454914983
1281	1300	0.8651277454914983
1282	1301	0.8451932493974019
1283	1302	0.8451932493974019
1284	1303	0.8451932493974019
1285	1304	0.8451932493974019
1286	1305	0.8515982813530256
1287	1306	0.6109014319416187
1288	1307	0.5534750415282365
1289	1308	0.5534750415282365
1290	1309	0.5534750415282365
1291	1310	0.5125361776215955
1292	1311	0.4113282532648912
1293	1312	0.39033733663299774
1294	1313	0.36532600527717124
1295	1314	0.3118961209107577
1296	1315	0.3118961209107577
1297	1316	0.3662550910243613
1298	1317	0.3662550910243613
1299	1318	0.3576845013770028
1300	1319	0.13870813646459296
1301	1320	0.21688275495331621
1302	1321	0.26571737763029635
1303	1322	0.3285728645820598
1304	1323	0.3285728645820598
1305	1324	0.29494961901273686
1306	1325	0.4034877462314173
1307	1326	0.486944214543609
1308	1327	0.487184144611181
1309	1328	0.46638995945225936
1310	1329	0.46638995945225936
1311	1330	0.4968424362863834
1312	1331	0.4968424362863834
1313	1332	0.4968424362863834
1314	1333	0.5633407547921438
1315	1334	0.5672215813149553
1316	1335	0.5672215813149553
1317	1336	0.5684218490326864
1318	1337	0.5753330782004519
1319	1338	0.575835947110247
1320	1339	0.7334074555443528
1321	1340	0.7238629221098424
1322	1341	0.7109388052772685
1323	1342	0.6816898303270531
1324	1343	0.6816898303270531
1325	1344	0.4457326669204493
1326	1345	0.3325528845367544
1327	1346	0.3325528845367544
1328	1347	0.2495403519638674
1329	1348	0.23373294117458082
1330	1349	0.35351481811944224
1331	1350	0.3356215710853383
1332	1351	0.3356215710853383
1333	1352	0.3356215710853383
1334	1353	0.23641259449316343
1335	1354	0.1463622646847499
1336	1355	0.13557125354246757
1337	1356	0.035603926684427065
1338	1357	0.17979864138527785
1339	1358	0.10718092046254837
1340	1359	0.10718092046254837
1341	1360	0.10718092046254837
1342	1361	0.04274689477059285
1343	1362	0.04274689477059285
1344	1363	0.03598943520697692
1345	1364	0.3660485281635641
1346	1365	0.3660485281635641
1347	1366	0.46681110881028676
1348	1367	0.47938568690883776
1349	1368	0.47938568690883776
1350	1369	0.3286612082793496
1351	1370	0.3755994306628007
1352	1371	0.3755994306628007
1353	1372	0.3755994306628007
1354	1373	0.3755994306628007
1355	1374	0.4793835698079597
1356	1375	0.40856417869832096
1357	1376	0.5072112847848624
1358	1377	0.378340527650487
1359	1378	0.5855189054378918
1360	1379	0.5855189054378918
1361	1380	0.5855189054378918
1362	1381	0.5855189054378918
1363	1382	0.5855189054378918
1364	1383	0.6144979404381817
1365	1384	-0.23900588092186287
1366	1385	-0.3946535585069709
1367	1386	-0.4015909245382188
1368	1387	-0.4015909245382188
1369	1388	-0.2781873488023836
1370	1389	-0.37593450108052195
1371	1390	-0.6041756276051827
1372	1391	-0.5657688988463381
1373	1392	-0.5657688988463381
1374	1393	-0.5657688988463381
1375	1394	-0.5580124205710599
1376	1395	-0.4967167856308339
1377	1396	-0.4967167856308339
1378	1397	-0.4967167856308339
1379	1398	-0.47981103888548654
1380	1399	-0.4945522806239599
1381	1400	-0.4945522806239599
1382	1401	-0.4945522806239599
1383	1402	-0.43697809404281557
1384	1403	-0.43697809404281557
1385	1404	-0.15198428348541698
1386	1405	0.5117070584691271
1387	1406	0.5117070584691271
1388	1407	0.5117070584691271
1389	1408	0.4780254110659066
1390	1409	0.4780254110659066
1391	1410	0.4786841377542848
1392	1411	0.47449672570766266
1393	1412	0.47449672570766266
1394	1413	0.47449672570766266
1395	1414	0.47449672570766266
1396	1415	0.47449672570766266
1397	1416	0.47449672570766266
1398	1417	0.5736716903533468
1399	1418	0.5821943768531436
1400	1419	0.6922091562922127
1401	1420	0.6922091562922127
1402	1421	0.6922091562922127
1403	1422	0.763655611500855
1404	1423	0.763655611500855
1405	1424	0.7296751664673404
1406	1425	0.4915946511097562
1407	1426	0.4915946511097562
1408	1427	0.4915946511097562
1409	1428	0.48655761989586976
1410	1429	0.48655761989586976
1411	1430	0.5266395042145484
1412	1431	0.5266395042145484
1413	1432	0.5620869641095602
1414	1433	0.5826238668588765
1415	1434	0.6009969797936991
1416	1435	0.6009969797936991
1417	1436	0.6009969797936991
1418	1437	0.591110618694956
1419	1438	0.565123374957832
1420	1439	0.565123374957832
1421	1440	0.5445350299243962
1422	1441	0.541897057898387
1423	1442	0.5221971171599166
1424	1443	0.5440822098429816
1425	1444	0.8733449504275443
1426	1445	0.9655068928634801
1427	1446	0.9655068928634801
1428	1447	0.9655068928634801
1429	1448	0.9277017816999341
1430	1449	0.9277017816999341
1431	1450	0.9277017816999341
1432	1451	0.9294466999221418
1433	1452	0.9243349566627482
1434	1453	0.9170917506415772
1435	1454	0.9041592748841902
1436	1455	0.9041592748841902
1437	1456	0.9041592748841902
1438	1457	0.9041592748841902
1439	1458	0.9041592748841902
1440	1459	-0.22453123631854505
1441	1460	-0.38088285531233673
1442	1461	-0.23271442922787017
1443	1462	-0.23271442922787017
1444	1463	-0.43754118128780284
1445	1464	-0.5625000256912629
1446	1465	-0.45784094285616567
1447	1466	-0.4770894961510165
1448	1467	-0.4752660580926319
1449	1468	-0.4681088724170799
1450	1469	-0.3418812884126282
1451	1470	-0.2668674497081941
1452	1471	-0.36727673066007777
1453	1472	-0.36727673066007777
1454	1473	-0.2912313580429615
1455	1474	-0.2268706574391567
1456	1475	-0.1938194417850724
1457	1476	-0.16043270397762815
1458	1477	-0.16043270397762815
1459	1478	-0.12178148299651144
1460	1479	0.2797487998411484
1461	1480	0.4207398777558755
1462	1481	0.38923989619028015
1463	1482	0.38923989619028015
1464	1483	0.40595027694767843
1465	1484	0.6289121879673482
1466	1485	0.6346335435168193
1467	1486	0.6548377503032129
1468	1487	0.7375187045386301
1469	1488	0.7375187045386301
1470	1489	0.7358166231181812
1471	1490	0.7298664888554842
1472	1491	0.7298664888554842
1473	1492	0.7298664888554842
1474	1493	0.5312573154980014
1475	1494	0.5119018227105951
1476	1495	0.4966629307548568
1477	1496	0.477448127064548
1478	1497	0.5080130278766685
1479	1498	0.4740904677795987
1480	1499	0.6313498656620649
1481	1500	0.8017283317151113
1482	1501	0.8017283317151113
1483	1502	0.8229222288721776
1484	1503	0.5919097114174487
1485	1504	0.6287863363767807
1486	1505	0.6287863363767807
1487	1506	0.5854698496626405
1488	1507	0.5101036084725039
1489	1508	0.5101036084725039
1490	1509	0.48276124724091873
1491	1510	0.48276124724091873
1492	1511	0.48276124724091873
1493	1512	0.5239312276700341
1494	1513	0.5222801901640947
1495	1514	0.5222801901640947
1496	1515	0.5199155130063569
1497	1516	0.5584708552711666
1498	1517	0.5374611103136882
1499	1518	0.5524967366429421
1500	1519	-0.05529838416642947
1501	1520	-0.0817599538571212
1502	1521	-0.07031528226013115
1503	1522	-0.15306720447365796
1504	1523	0.4877530150257046
1505	1524	0.4889926269343364
1506	1525	0.4889926269343364
1507	1526	0.5863249983792697
1508	1527	0.8605647680639764
1509	1528	0.8595473684089223
1510	1529	0.8140233677499378
1511	1530	0.8140233677499378
1512	1531	0.8140233677499378
1513	1532	0.7514324655243165
1514	1533	0.7514324655243165
1515	1534	0.7514324655243165
1516	1535	0.7637249833505091
1517	1536	0.7860899484079311
1518	1537	0.5096281718424319
1519	1538	0.5020133130771024
1520	1539	0.514253021798871
1521	1540	0.5644403715665152
1522	1541	0.5475901353272836
1523	1542	0.5554998148434007
1524	1543	0.5479151920088026
1525	1544	0.8335078486910521
1526	1545	0.8432783930896055
1527	1546	0.8545647837168078
1528	1547	0.874102209441026
1529	1548	0.870150013738464
1530	1549	0.8730026744377071
1531	1550	0.8706050540831121
1532	1551	0.8575158597991839
1533	1552	0.8637864826133774
1534	1553	0.8683599607698469
1535	1554	0.8733044255873063
1536	1555	0.8727266067797428
1537	1556	0.8055245285778954
1538	1557	0.8155762027338574
1539	1558	0.8155762027338574
1540	1559	0.8155762027338574
1541	1560	0.830967028878246
1542	1561	0.8408543688286929
1543	1562	0.6438875565241438
1544	1563	0.6094025638963725
1545	1564	0.16202701737910682
1546	1565	0.13474319292709497
1547	1566	0.04192306608951055
1548	1567	0.05715577204426012
1549	1568	0.020862850609120565
1550	1569	0.030785632578745448
1551	1570	0.02828669486229579
1552	1571	-0.18977549923081632
1553	1572	-0.18977549923081632
1554	1573	-0.275420331125806
1555	1574	-0.3219568684964791
1556	1575	-0.27366140523971305
1557	1576	-0.1156810942352125
1558	1577	-0.0483027961603227
1559	1578	-0.03016008274459351
1560	1579	-0.06781282806471281
1561	1580	0.7574773545251228
1562	1581	0.7484632116646621
1563	1582	0.551935679160096
1564	1583	0.4953798021075507
1565	1584	0.503036170674201
1566	1585	0.4186477558265304
1567	1586	0.4259367289335876
1568	1587	0.40291395820550513
1569	1588	0.3859640478119946
1570	1589	0.43974712198226046
1571	1590	0.43974712198226046
1572	1591	0.4639798580887895
1573	1592	0.4639798580887895
1574	1593	0.4639798580887895
1575	1594	0.46423848516730726
1576	1595	0.4460401519437994
1577	1596	0.4305499431023236
1578	1597	0.38342978669161176
1579	1598	0.3304487686469923
1580	1599	0.30827541994787444
1581	1600	0.2908425155017211
1582	1601	0.2715415101983411
1583	1602	0.422854669125868
1584	1603	0.5322646063130352
1585	1604	0.5322646063130352
1586	1605	0.7445721146755049
1587	1606	0.7041737786111275
1588	1607	0.7039900058372335
1589	1608	0.7676229347892959
1590	1609	0.8038078119597487
1591	1610	0.8314049953896037
1592	1611	0.8366275124667499
1593	1612	0.8490568670077526
1594	1613	0.8490568670077526
1595	1614	0.8490568670077526
1596	1615	0.8577812222113408
1597	1616	0.8564156468266818
1598	1617	0.8517797407581309
1599	1618	0.8517797407581309
1600	1619	0.8517797407581309
1601	1620	0.8517797407581309
1602	1621	0.8592583273282222
1603	1622	0.8592583273282222
1604	1623	0.8457815087870197
1605	1624	0.8457815087870197
1606	1625	0.8215936971182657
1607	1626	0.825414826942302
1608	1627	0.8331781220658581
1609	1628	0.8590641638267714
1610	1629	0.8628403829500899
1611	1630	0.8374772644098172
1612	1631	0.8502112424590555
1613	1632	0.8169527533657317
1614	1633	0.8169527533657317
1615	1634	0.8169527533657317
1616	1635	0.8047335290384035
1617	1636	0.814264077379744
1618	1637	0.9671565916220378
1619	1638	0.9671565916220378
1620	1639	0.9510333173408659
1621	1640	0.9409663926811871
1622	1641	0.8121040580029815
1623	1642	0.8121040580029815
1624	1643	0.8740346533460629
1625	1644	0.8740346533460629
1626	1645	0.8568138371179338
1627	1646	0.8720173720729585
1628	1647	0.8150481935472358
1629	1648	0.8077234030740025
1630	1649	0.783258544004063
1631	1650	0.8051842026233066
1632	1651	0.8051842026233066
1633	1652	0.8051842026233066
1634	1653	0.8051842026233066
1635	1654	0.8051842026233066
1636	1655	0.7994579615366737
1637	1656	0.8171180321666035
1638	1657	0.8545355689126323
1639	1658	0.8545355689126323
1640	1659	0.8641160130090665
1641	1660	0.8877845904954634
1642	1661	0.9753983432312299
1643	1662	0.9744637071891454
1644	1663	0.9715401572568505
1645	1664	0.9715401572568505
1646	1665	0.9707096642281698
1647	1666	0.9709509195776708
1648	1667	0.9756517031964931
1649	1668	0.9764222905200491
1650	1669	0.9830782973469352
1651	1670	0.9902772217017518
1652	1671	0.9901683940527566
1653	1672	0.9811678478013677
1654	1673	0.9811678478013677
1655	1674	0.9811678478013677
1656	1675	0.9809063728272571
1657	1676	0.9779669103289628
1658	1677	0.9741292327565453
1659	1678	0.9741292327565453
1660	1679	0.9790826700433943
1661	1680	0.9776900301699503
1662	1681	0.9775739526655995
1663	1682	0.974201022747886
1664	1683	0.974201022747886
1665	1684	0.9755861863883001
1666	1685	0.9765988326757765
1667	1686	0.9765988326757765
1668	1687	0.9765988326757765
1669	1688	0.9485259130503664
1670	1689	0.9417593986513497
1671	1690	0.9417593986513497
1672	1691	0.9381448841610605
1673	1692	0.9379709887287857
1674	1693	0.985906244289742
1675	1694	0.985906244289742
1676	1695	0.9893836144248049
1677	1696	0.9953962820324543
1678	1697	0.9958269548101542
1679	1698	0.9949405557034512
1680	1699	0.9947821672310042
1681	1700	0.9947821672310042
1682	1701	0.994970510089317
1683	1702	0.9969689304802128
1684	1703	0.996340321714535
1685	1704	0.9981172921961601
1686	1705	0.9981172921961601
1687	1706	0.9765055448915533
1688	1707	0.9765055448915533
1689	1708	0.9770122216823951
1690	1709	0.9770122216823951
1691	1710	0.9795838034955386
1692	1711	0.9795838034955386
1693	1712	0.9809772471298877
1694	1713	0.9837558421489874
1695	1714	0.9837558421489874
1696	1715	0.979264564560684
1697	1716	0.9668314350232502
1698	1717	0.9537005103741774
1699	1718	0.9540306069039375
1700	1719	0.95302100095833
1701	1720	0.9535279906531194
1702	1721	0.9588685058549588
1703	1722	0.9588685058549588
1704	1723	0.9619103428481024
1705	1724	0.9619103428481024
1706	1725	0.9567366061878094
1707	1726	0.9562071396415781
1708	1727	0.9562071396415781
1709	1728	0.9505159054444255
1710	1729	0.9505159054444255
1711	1730	0.9196061540844571
1712	1731	0.935643434976452
1713	1732	0.9289519788682588
1714	1733	0.9132712406902214
1715	1734	0.9132712406902214
1716	1735	0.9205447984574808
1717	1736	0.9257993550925772
1718	1737	0.9473881078700771
1719	1738	0.9473881078700771
1720	1739	0.943997726930419
1721	1740	0.9351393364967513
1722	1741	0.9351393364967513
1723	1742	0.9137826191183704
1724	1743	0.9440056630377028
1725	1744	0.9416545830365364
1726	1745	0.9415058162287837
1727	1746	0.9417842809139494
1728	1747	0.9417842809139494
1729	1748	0.9441231800554215
1730	1749	0.9441231800554215
1731	1750	0.9426397141943923
1732	1751	0.921645588826213
1733	1752	0.9133621139892627
1734	1753	0.9747979961573227
1735	1754	0.9780536289499348
1736	1755	0.9731309966935306
1737	1756	0.9723483757407061
1738	1757	0.938443459803735
1739	1758	0.9335553946955225
1740	1759	0.9292593942021123
1741	1760	0.9293713549275948
1742	1761	0.9511842594410606
1743	1762	0.9694614680602329
1744	1763	0.9674526889605295
1745	1764	0.9660336771216309
1746	1765	0.9601094567657866
1747	1766	0.9579560367278275
1748	1767	0.9579560367278275
1749	1768	0.9579560367278275
1750	1769	0.9579560367278275
1751	1770	0.9579560367278275
1752	1771	0.9559741315807715
1753	1772	0.9427816174065387
1754	1773	0.9748950268438241
1755	1774	0.9799096749296557
1756	1775	0.9777817615075778
1757	1776	0.9781128457568958
1758	1777	0.977482970785764
1759	1778	0.9770790177270349
1760	1779	0.9738562364029204
1761	1780	0.9710067535092539
1762	1781	0.9684849360730015
1763	1782	0.9733401875908172
1764	1783	0.9733401875908172
1765	1784	0.9718229896941672
1766	1785	0.9707151764087263
1767	1786	0.9478236505882885
1768	1787	0.9159446670539843
1769	1788	0.9159446670539843
1770	1789	0.9159446670539843
1771	1790	0.904058372887263
1772	1791	0.9034303393794334
1773	1792	0.9274715945745492
1774	1793	0.8727551611212523
1775	1794	0.8450576170812261
1776	1795	0.9156533014759207
1777	1796	0.9107803659814931
1778	1797	0.8879378142228633
1779	1798	0.8879378142228633
1780	1799	0.9026207398960828
1781	1800	0.8158011469754578
1782	1801	0.7771342153992891
1783	1802	0.7771342153992891
1784	1803	0.5042695167781351
1785	1804	0.6541895798806862
1786	1805	0.6541895798806862
1787	1806	0.5937465875438415
1788	1807	0.5010098578653588
1789	1808	0.5798534658048304
1790	1809	0.5786897534874844
1791	1810	0.6889291081602711
1792	1811	0.6889291081602711
1793	1812	0.706596880146338
1794	1813	0.7443069458221551
1795	1814	0.8013099531607177
1796	1815	0.8154793172869431
1797	1816	0.8154793172869431
1798	1817	0.8154793172869431
1799	1818	0.8115219731484481
1800	1819	0.8160635484112109
1801	1820	0.8013007545921792
1802	1821	0.8052679164180311
1803	1822	0.8052679164180311
1804	1823	0.9901149491394783
1805	1824	0.974109051753185
1806	1825	0.9874201264672058
1807	1826	0.9874201264672058
1808	1827	0.9917012777341152
1809	1828	0.9909376173125807
1810	1829	0.992003905317651
1811	1830	0.992003905317651
1812	1831	0.992003905317651
1813	1832	0.992003905317651
1814	1833	0.992003905317651
1815	1834	0.9894233828189418
1816	1835	0.982597584014784
1817	1836	0.982597584014784
1818	1837	0.9976238584179485
1819	1838	0.9973012079682101
1820	1839	0.9996737570542107
1821	1840	0.9996737570542107
1822	1841	0.997018745035978
1823	1842	0.997042074685407
1824	1843	0.997035888730361
1825	1844	0.9967636241140817
1826	1845	0.9970993275657108
1827	1846	0.9970993275657108
1828	1847	0.9970210090240046
1829	1848	0.9971081461087767
1830	1849	0.997129902075824
1831	1850	0.9971721203485487
1832	1851	0.9971721203485487
1833	1852	0.9974208452583168
1834	1853	0.9974208452583168
1835	1854	0.9974208452583168
1836	1855	0.9974208452583168
1837	1856	0.9970021385626806
1838	1857	0.9943379529718499
1839	1858	0.9945675935031476
1840	1859	0.9940637517199389
1841	1860	0.9943652521836028
1842	1861	0.9975283200898932
1843	1862	0.9981024675456829
1844	1863	0.9987351954222533
1845	1864	0.9988127975838401
1846	1865	0.9988196670950277
1847	1866	0.9988478850466875
1848	1867	0.9988246138100422
1849	1868	0.9991878688435254
1850	1869	0.9991878688435254
1851	1870	0.9991770366572782
1852	1871	0.9985100208200779
1853	1872	0.997750108743372
1854	1873	0.9813782435225307
1855	1874	0.9813782435225307
1856	1875	0.9813782435225307
1857	1876	0.9713628657090014
1858	1877	0.9713628657090014
1859	1878	0.9702343408777712
1860	1879	0.96714239243674
1861	1880	0.9483757603228117
1862	1881	0.9479502833615259
1863	1882	0.9479502833615259
1864	1883	0.9319031377723439
1865	1884	0.909677835830979
1866	1885	0.8703977354771038
1867	1886	0.8304956518448523
1868	1887	0.834810422251215
1869	1888	0.834810422251215
1870	1889	0.8345740644782256
1871	1890	0.8199899144287965
1872	1891	0.8233231588393302
1873	1892	0.8167917355335497
1874	1893	0.885785560536597
1875	1894	0.885785560536597
1876	1895	0.8956624363185709
1877	1896	0.909330066984932
1878	1897	0.909330066984932
1879	1898	0.9101793354914895
1880	1899	0.8861708619647383
1881	1900	0.8620738414826442
1882	1901	0.8620738414826442
1883	1902	0.8620738414826442
1884	1903	0.8770131191583459
1885	1904	0.8909304666061897
1886	1905	0.9331161623435156
1887	1906	0.9331161623435156
1888	1907	0.9267764340856539
1889	1908	0.9295350533292861
1890	1909	0.9347361722293596
1891	1910	0.9427791304984321
1892	1911	0.9692819936170711
1893	1912	0.975121474750798
1894	1913	0.9773724394432781
1895	1914	0.9773724394432781
1896	1915	0.9744363267703742
1897	1916	0.9770006581892774
1898	1917	0.9770006581892774
1899	1918	0.9733459028640348
1900	1919	0.9819807152679276
1901	1920	0.9819807152679276
1902	1921	0.9819807152679276
1903	1922	0.9819807152679276
1904	1923	0.9806970767930949
1905	1924	0.9587816716624578
1906	1925	0.9606409936094336
1907	1926	0.9606409936094336
1908	1927	0.9651415072093816
1909	1928	0.9724057494281912
1910	1929	0.9707005678906194
1911	1930	0.9707005678906194
1912	1931	0.9704222783741012
1913	1932	0.9711143340796087
1914	1933	0.9509816360172356
1915	1934	0.9509816360172356
1916	1935	0.9509816360172356
1917	1936	0.9181209215683948
1918	1937	0.9158117930413275
1919	1938	0.911345565578547
1920	1939	0.911345565578547
1921	1940	0.915573228261662
1922	1941	0.9088559684622765
1923	1942	0.9088559684622765
1924	1943	0.9148359238012909
1925	1944	0.8810064279670087
1926	1945	0.8950802490789
1927	1946	0.8950802490789
1928	1947	0.8950802490789
1929	1948	0.9105022937043968
1930	1949	0.9285025924721813
1931	1950	0.9285025924721813
1932	1951	0.92709043450679
1933	1952	0.8987687127234234
1934	1953	0.9090190836962655
1935	1954	0.9090190836962655
1936	1955	0.9090190836962655
1937	1956	0.9739234766697988
1938	1957	0.9897993480148146
1939	1958	0.9110915651195877
