1	-2.0
2	-2.0
3	-2.0
4	-2.0
5	-2.0
6	-2.0
7	-2.0
8	-2.0
9	-2.0
10	-2.0
11	-2.0
12	-2.0
13	-2.0
14	-2.0
15	-2.0
16	-2.0
17	-2.0
18	-2.0
19	-2.0
20	-2.0
21	-2.0
22	-2.0
23	-2.0
24	-2.0
25	-2.0
26	-2.0
27	-2.0
28	-2.0
29	-2.0
30	-2.0
31	-2.0
32	-2.0
33	-2.0
34	-2.0
35	-2.0
36	-2.0
37	-2.0
38	-2.0
39	-2.0
40	-2.0
41	-2.0
42	-2.0
43	-2.0
44	-2.0
45	-2.0
46	-2.0
47	-2.0
48	-2.0
49	-2.0
50	-2.0
51	-2.0
52	-2.0
53	-2.0
54	-2.0
55	-2.0
56	0.3794675264854906
57	0.2674518654997697
58	-2.0
59	-2.0
60	-2.0
61	0.1615251036388761
62	-2.0
63	0.06319207738369426
64	-0.46393367111929984
65	-2.0
66	0.2086250575771534
67	-2.0
68	-2.0
69	0.4039534776600645
70	-2.0
71	0.21891847075080614
72	-2.0
73	0.303590050667895
74	0.23859005066789504
75	-2.0
76	0.052842929525564256
77	-2.0
78	-2.0
79	0.029101796407185628
80	-2.0
81	-2.0
82	-2.0
83	0.659234454168586
84	0.6231045601105482
85	-2.0
86	-2.0
87	-2.0
88	-2.0
89	0.5787333026255183
90	-2.0
91	0.12345462920313222
92	-2.0
93	-2.0
94	0.0
95	0.04303592814371257
96	0.08193919852602488
97	-0.005483187471211421
98	-2.0
99	-2.0
100	-2.0
101	-0.1820359281437126
102	-2.0
103	0.638
104	-0.04103086135421463
105	0.16667941040994932
106	0.004082911100875174
107	-2.0
108	-2.0
109	0.11091939198526025
110	-2.0
111	0.7655702441271303
112	-2.0
113	-2.0
114	-2.0
115	0.10922247812068171
116	0.13367526485490558
117	-2.0
118	0.889497466605251
119	0.5504831874712114
120	-2.0
121	-2.0
122	-2.0
123	-2.0
124	-2.0
125	-0.6138185168125287
126	0.4375495163519116
127	0.5851271303546752
128	0.07667480423767849
129	0.19067157991708888
130	0.3500479041916168
131	0.40278995854444966
132	-2.0
133	-2.0
134	-2.0
135	-2.0
136	-2.0
137	-2.0
138	-2.0
139	-2.0
140	-0.36935237217871947
141	-2.0
142	0.2917015200368494
143	0.5565725472132658
144	0.24212897282358364
145	0.1255923537540304
146	0.12714279134039613
147	0.1303961308152925
148	-2.0
149	0.43200000000000005
150	-2.0
151	0.02867848917549516
152	-0.03
153	-2.0
154	-2.0
155	0.010611699677567948
156	-0.004388300322432051
157	-0.007
158	-2.0
159	-2.0
160	-0.18048272685398425
161	-0.04937816674343609
162	-2.0
163	0.0
164	0.40109304467987106
165	0.4766789497927223
166	-2.0
167	0.0
168	-2.0
169	-2.0
170	-2.0
171	-2.0
172	-0.024
173	-0.00455918931368033
174	-2.0
175	-2.0
176	0.17343574389682173
177	-2.0
178	-2.0
179	0.5905674804237678
180	-2.0
181	0.361
182	0.44799999999999995
183	0.3375181943804699
184	0.051421004145555047
185	-2.0
186	-2.0
187	-2.0
188	-2.0
189	-2.0
190	-0.13910271764163973
191	-0.3177388300322431
192	-0.041952095808383216
193	-2.0
194	-2.0
195	0.1319986181483188
196	-0.08079226163058495
197	-0.12233993551358824
198	0.041000000000000036
199	-0.13046338093044685
200	-2.0
201	0.18612713035467532
202	-2.0
203	-0.34200276370336247
204	-0.14668217411331186
205	-2.0
206	-2.0
207	-0.036573007830492776
208	-0.013
209	0.004056195301704283
210	-0.021
211	-0.004312298479963148
212	-2.0
213	0.32131598341777995
214	-2.0
215	-2.0
216	-0.1547563334868724
217	-0.05700368493781666
218	0.22829571625978828
219	0.4604997696913865
220	-2.0
221	-0.2403602026715799
222	-0.31359327498848455
223	-0.11332105020727773
224	-2.0
225	0.06162229387379092
226	0.3504219253800092
227	0.23926070935052973
228	-0.02313772455089813
229	-0.32744771994472593
230	-2.0
231	0.06866282818977437
232	-2.0
233	0.2617535697835099
234	-2.0
235	-2.0
236	0.02215522800552741
237	0.0021349608475356996
238	0.004871948410870569
239	0.09240257945647168
240	0.21671257485029943
241	-0.07611469368954399
242	-2.0
243	-2.0
244	-0.19377291570704747
245	-2.0
246	0.10969645324735146
247	-2.0
248	-2.0
249	-0.4052326116996775
250	-2.0
251	-0.49976969138645777
252	-2.0
253	0.009806540764624597
254	-2.0
255	-0.17618977429755867
256	0.14155366190695529
257	0.0
258	-2.0
259	-2.0
260	-2.0
261	-2.0
262	0.4254988484569323
263	-2.0
264	-0.07729157070474435
265	0.3075882081989867
266	-2.0
267	0.03332888070013819
268	-0.011917088899124826
269	0.7660543528327961
270	0.09909166282818976
271	-2.0
272	0.025259788116075543
273	-2.0
274	-0.010325656379548593
275	-0.0514689083371718
276	-2.0
277	-2.0
278	0.09030032243205899
279	0.12220727775218793
280	-2.0
281	-0.011
282	-0.024957162597881163
283	-2.0
284	-2.0
285	-2.0
286	-2.0
287	-2.0
288	-2.0
289	-2.0
290	-2.0
291	-2.0
292	-2.0
293	-2.0
294	0.055344541685859006
295	-2.0
296	-2.0
297	-2.0
298	-2.0
299	0.6879419622293874
300	0.7374910179640719
301	-2.0
302	0.0340469829571626
303	-2.0
304	-2.0
305	-0.004
306	-2.0
307	-2.0
308	-2.0
309	-0.355688622754491
310	0.47501566098572096
311	0.08724919391985261
312	-2.0
313	-2.0
314	-0.004
315	-2.0
316	-0.9643482266236757
317	-2.0
318	0.9079313680331645
319	-2.0
320	0.0
321	-2.0
322	0.007001842468908337
323	0.017139106402579454
324	-0.7043758636573008
325	-2.0
326	-2.0
327	-2.0
328	-2.0
329	-2.0
330	0.6048014739751266
331	0.685
332	0.39302395209580837
333	-2.0
334	-0.003
335	-0.006
336	0.011397973284200828
337	0.06144771994472594
338	-2.0
339	-2.0
340	-0.5070474435743897
341	0.2648295716259788
342	0.3295964993090742
343	0.10347075080608015
344	-0.24021602947950255
345	0.05311929986181485
346	-0.21314785812989406
347	0.1532233993551359
348	0.02713265776140028
349	-2.0
350	-2.0
351	0.009582220175034548
352	0.01768401658222017
353	0.010490096729617688
354	0.024052510363887607
355	-2.0
356	-2.0
357	-0.9508982035928144
358	-2.0
359	-2.0
360	-2.0
361	-2.0
362	0.0
363	-2.0
364	-0.007
365	-2.0
366	0.004056195301704283
367	-2.0
368	0.20399999999999996
369	-2.0
370	-2.0
371	0.4590041455550439
372	-2.0
373	-2.0
374	-0.019253800092123408
375	-2.0
376	-2.0
377	-2.0
378	0.019519576232151087
379	-2.0
380	-2.0
381	-2.0
382	0.09747029018885309
383	0.02201658222017505
384	-0.265983417779825
385	-0.055713496084753567
386	-2.0
387	-2.0
388	-2.0
389	-2.0
390	-2.0
391	0.0
392	-2.0
393	0.023665131275909725
394	-0.0005753109166282792
395	-2.0
396	-2.0
397	-2.0
398	0.004687701520036851
399	-2.0
400	-2.0
401	0.4248659603869185
402	0.41200000000000003
403	-2.0
404	-0.24228466144633798
405	-2.0
406	-2.0
407	-2.0
408	-2.0
409	-2.0
410	-2.0
411	-2.0
412	-0.21860893597420528
413	0.0
414	-0.3659143251957623
415	-0.19244587747581754
416	-2.0
417	0.06895255642561032
418	-0.029
419	-2.0
420	0.04339290649470291
421	0.03763334868724091
422	-0.006121602947950278
423	0.3792961768770152
424	-2.0
425	-2.0
426	0.08122109626900048
427	-2.0
428	-0.0651906955320129
429	0.2366563795485952
430	0.4699520958083834
431	-2.0
432	0.46399999999999997
433	-0.15944910179640714
434	-2.0
435	-0.7199267618608935
436	0.03082035928143713
437	-2.0
438	-2.0
439	0.5558295716259788
440	0.21424182404421926
441	-2.0
442	-2.0
443	-0.3203132197144173
444	0.2149484108705666
445	0.18606310456011055
446	-2.0
447	-0.11328558268079225
448	-2.0
449	-0.045491017964071845
450	-2.0
451	-2.0
452	-2.0
453	-0.2708429295255642
454	-0.28587931828650387
455	0.17753892215568864
456	-0.05961999078765545
457	0.012271303546752654
458	-2.0
459	-2.0
460	-0.20359281437125742
461	0.0065246430216490126
462	0.044668355596499315
463	-2.0
464	-2.0
465	-2.0
466	-0.47706402579456464
467	-2.0
468	-2.0
469	-2.0
470	-0.4911022570244127
471	-0.21782588668816205
472	-0.029688162137263996
473	-2.0
474	-2.0
475	0.10044311377245507
476	-2.0
477	-0.3110092123445417
478	-0.06169092584062641
479	0.25183371718102254
480	0.25444541685859046
481	-2.0
482	-0.3030207277752187
483	-0.43084615384615377
484	0.36807554122524183
485	0.060196222938737914
486	-0.0026066328880700144
487	-0.019890373099953937
488	-2.0
489	-2.0
490	-0.38874389682174115
491	-2.0
492	-0.471672040534316
493	-2.0
494	-2.0
495	-2.0
496	-2.0
497	-0.008742054352832707
498	-2.0
499	-2.0
500	-2.0
501	-0.8736043298019346
502	-0.11111745739290646
503	0.07833348687240904
504	-0.29678995854444956
505	-0.4347475817595578
506	-2.0
507	-0.4940483648088438
508	-0.4978650391524643
509	-0.38220451404882544
510	-0.04556057116536158
511	-2.0
512	-2.0
513	-0.6903730999539383
514	-0.6156609857208659
515	0.19896084753569787
516	0.05932888070013819
517	0.029599723629663753
518	-2.0
519	-2.0
520	-2.0
521	-2.0
522	0.01518056195301705
523	0.13735743896821742
524	-2.0
525	-2.0
526	-0.7846508521418701
527	0.2519014279134041
528	-0.5899737448180562
529	0.03860294795025332
530	-2.0
531	0.09133440810686322
532	-0.2886849378166743
533	-2.0
534	-2.0
535	-2.0
536	-2.0
537	-2.0
538	0.0
539	-2.0
540	0.007094887148779364
541	0.0001031782588668817
542	-0.9403040073698756
543	-2.0
544	-0.009
545	-2.0
546	-2.0
547	-0.33502901888530623
548	-2.0
549	-2.0
550	0.0058051589129433446
551	-2.0
552	-2.0
553	-2.0
554	-2.0
555	-2.0
556	-0.008291110087517262
557	0.043147397512666975
558	-2.0
559	-2.0
560	0.016196683555965
561	-2.0
562	-2.0
563	-0.12666651312759103
564	0.16242975587286973
565	0.15098157531091666
566	-2.0
567	-2.0
568	-2.0
569	-2.0
570	-2.0
571	-2.0
572	-0.5861271303546752
573	-2.0
574	-0.1952643942883463
575	-0.42188668816213726
576	-2.0
577	-2.0
578	-2.0
579	-2.0
580	-2.0
581	0.01469461077844312
582	0.23933578995854454
583	-2.0
584	0.44927084292952557
585	-2.0
586	-0.1376324274527867
587	0.1361022570244127
588	-2.0
589	-2.0
590	0.09759419622293873
591	-2.0
592	0.08801566098572086
593	-2.0
594	-2.0
595	0.022180561953017052
596	-2.0
597	-2.0
598	-2.0
599	0.04571257485029939
600	-2.0
601	0.09719852602487333
602	-0.19972362966374935
603	0.21986089359742061
604	-2.0
605	-2.0
606	-2.0
607	-2.0
608	-0.27369875633348684
609	-0.36867802855826814
610	0.04977475817595579
611	-0.004970520497466605
612	-2.0
613	-0.3059419622293873
614	-0.22100414555504377
615	-2.0
616	-0.28502994011976046
617	-2.0
618	-2.0
619	-2.0
620	-2.0
621	-0.498732381391064
622	-2.0
623	-0.009642100414555503
624	0.027905573468447725
625	-2.0
626	-0.42422846614463383
627	0.09180009212344545
628	-2.0
629	-2.0
630	-2.0
631	-0.3176416397973284
632	-0.04597973284200829
633	-0.12519023491478576
634	0.06231690465223399
635	0.02735006909258407
636	-2.0
637	0.12297742975587286
638	-2.0
639	-2.0
640	0.12574067250115156
641	-2.0
642	-2.0
643	-0.48346384154767386
644	-0.2574850299401197
645	-0.0479041916167664
646	-2.0
647	-2.0
648	-2.0
649	-2.0
650	0.16868217411331185
651	-2.0
652	-2.0
653	-2.0
654	-0.3238903730999539
655	-0.20300644864117917
656	-2.0
657	-2.0
658	-2.0
659	-2.0
660	0.036088438507600185
661	0.030091662828189758
662	-2.0
663	-2.0
664	-2.0
665	-2.0
666	0.07725610317825887
667	-2.0
668	0.3802510363887609
669	-2.0
670	-0.7029940119760478
671	0.09244956241363428
672	-0.03682634730538922
673	-0.009685859051128516
674	-2.0
675	-0.38728696453247347
676	-0.013818516812528658
677	-0.295071395670198
678	0.03070935052970982
679	0.04465591893136804
680	-0.0041948410870566565
681	-2.0
682	-2.0
683	-2.0
684	-2.0
685	-0.27655458314140946
686	-2.0
687	0.11777015200368496
688	-2.0
689	-0.0028097650852141887
690	-2.0
691	0.027757254721326577
692	0.02275725472132658
693	0.06827222478120683
694	-2.0
695	-2.0
696	-2.0
697	-2.0
698	0.06722524182404421
699	-0.07996315062183323
700	-2.0
701	-2.0
702	-2.0
703	-2.0
704	-2.0
705	0.0
706	0.0
707	-2.0
708	-2.0
709	-2.0
710	-2.0
711	-2.0
712	-2.0
713	-2.0
714	-2.0
715	-0.21169967756794106
716	-0.20930446798710267
717	0.20307830492860435
718	0.0
719	0.02332197144173192
720	-2.0
721	-0.008386918470750807
722	0.0118562874251497
723	0.025020267157991712
724	-2.0
725	-2.0
726	-2.0
727	0.0
728	-2.0
729	-2.0
730	0.030071395670198064
731	0.046063104560110556
732	0.06767480423767848
733	-2.0
734	-0.09599263012436665
735	-0.3146936895439889
736	0.01367710732381391
737	-0.014
738	-2.0
739	-0.22524182404421922
740	0.06794979272224781
741	-2.0
742	-0.10407139567019805
743	-0.5286591432519576
744	-2.0
745	-2.0
746	-2.0
747	-2.0
748	-2.0
749	-0.931552280055274
750	-0.4489175495163519
751	-0.7819438046982957
752	-0.3998157531091663
753	-0.1438203592814371
754	-2.0
755	-2.0
756	0.0071566098572086664
757	-2.0
758	0.008021649009672956
759	-2.0
760	-2.0
761	0.0
762	-2.0
763	-2.0
764	0.0
765	0.16069415016121605
766	-2.0
767	-2.0
768	-2.0
769	-2.0
770	-2.0
771	-2.0
772	0.025559649930907417
773	-2.0
774	-2.0
775	-2.0
776	-2.0
777	-2.0
778	-2.0
779	-2.0
780	-2.0
781	-0.2369415016121602
782	-0.062459695992630127
783	-0.3760479041916167
784	-2.0
785	-2.0
786	-0.04130400736987564
787	-0.0278885306310456
788	-0.3254721326577614
789	0.0
790	-2.0
791	-0.09811146936895432
792	-0.48724090280976506
793	-0.3357899585444496
794	-0.132715799170889
795	0.19875449101796408
796	0.1485605711653616
797	-2.0
798	-2.0
799	-2.0
800	-0.40865960386918465
801	-2.0
802	0.0
803	-2.0
804	-0.2127130354675265
805	-2.0
806	0.14522754491017964
807	-2.0
808	-2.0
809	-2.0
810	-2.0
811	-2.0
812	-0.3816766467065868
813	-2.0
814	-0.0505978811607554
815	-0.006471211423307229
816	0.013415476738830034
817	0.0731561492399816
818	-2.0
819	-0.4310456011054813
820	-0.22128051589129438
821	-0.16605481345002304
822	-2.0
823	0.038655918931368036
824	-2.0
825	0.09771948410870569
826	-2.0
827	-2.0
828	-2.0
829	-0.26806632888070014
830	-2.0
831	-2.0
832	-2.0
833	0.021835559649930947
834	-2.0
835	-0.02041087056655918
836	-2.0
837	0.2797475817595578
838	-0.005194841087056654
839	-2.0
840	0.029667894979272223
841	-2.0
842	-2.0
843	-2.0
844	0.3786729617687702
845	0.0
846	-2.0
847	-2.0
848	0.022198065407646253
849	0.06997466605251035
850	-2.0
851	0.11752418240442192
852	-2.0
853	0.005068171349608475
854	0.05645969599263013
855	-2.0
856	-2.0
857	-2.0
858	-2.0
859	-2.0
860	-2.0
861	0.3406292031321972
862	-2.0
863	0.0
864	-2.0
865	0.10137494242284661
866	0.4228507600184248
867	0.696272224781207
868	-2.0
869	-2.0
870	-2.0
871	-2.0
872	-2.0
873	0.021354675264854912
874	-2.0
875	-2.0
876	0.3608447719944726
877	0.4321750345462921
878	0.0
879	-2.0
880	-2.0
881	-2.0
882	-2.0
883	-2.0
884	-2.0
885	0.08224228466144634
886	0.23748456932289264
887	-2.0
888	0.22639659143251956
889	0.09146706586826348
890	-0.03191524643021654
891	-2.0
892	0.10587148779364351
893	0.04248963611239061
894	-2.0
895	-2.0
896	0.33150852141870124
897	0.020241824044219252
898	0.03191616766467066
899	0.1928175955780747
900	0.0
901	0.0
902	0.03989083371718102
903	0.03131137724550899
904	-2.0
905	0.025046061722708443
906	-2.0
907	-2.0
908	0.055567941040994946
909	0.021422846614463392
910	0.08840626439428845
911	0.11445923537540303
912	0.46699999999999997
913	-2.0
914	-2.0
915	0.017374021188392447
916	-2.0
917	0.04270981114693695
918	-0.2929318286503916
919	-2.0
920	-0.04440810686319663
921	0.032573007830492856
922	-0.01
923	-2.0
924	-2.0
925	-0.01715983417779824
926	-2.0
927	-0.21095163519115617
928	-0.3135895900506679
929	-2.0
930	-2.0
931	-2.0
932	-2.0
933	-0.20184246890833712
934	-2.0
935	0.012320589590050668
936	0.008501151543067714
937	0.02525656379548595
938	-2.0
939	-2.0
940	-2.0
941	-0.007288346384154654
942	-2.0
943	0.05500000000000005
944	0.264
945	0.0
946	0.03318332565637955
947	0.05898479963150623
948	0.017965453707968683
949	-2.0
950	-2.0
951	0.05905251036388761
952	-2.0
953	-2.0
954	-2.0
955	-2.0
956	-2.0
957	0.0
958	-2.0
959	0.0
960	-0.1840907415937355
961	0.30614371257485035
962	-2.0
963	-2.0
964	0.026283279594656844
965	-0.013
966	-2.0
967	-2.0
968	0.0019626900046061744
969	-2.0
970	-2.0
971	-2.0
972	-0.22937309995393818
973	-0.03706586826347302
974	-2.0
975	-0.3118645785352371
976	-2.0
977	-2.0
978	-2.0
979	-0.059197604790419134
980	0.09933717181022572
981	-0.09109488714877934
982	0.162797328420083
983	-0.2261630584983877
984	-0.1752883463841547
985	-0.19054951635191153
986	0.05501934592353755
987	0.16310179640718567
988	0.2972685398433902
989	-2.0
990	0.0
991	0.2973680331644404
992	0.04886964532473515
993	-2.0
994	-0.05738277291570704
995	-0.15609580838323356
996	0.006422846614463379
997	-2.0
998	0.032718562874251504
999	-2.0
1000	0.05514371257485029
1001	0.0
1002	-2.0
1003	-2.0
1004	-2.0
1005	-0.00050391524643012
1006	-0.08816259788116076
1007	-0.39183279594656834
1008	-0.687885766927683
1009	0.29134822662367577
1010	0.32183555964993094
1011	-2.0
1012	-2.0
1013	0.02178535237217872
1014	-0.043818056195301706
1015	-2.0
1016	-2.0
1017	-2.0
1018	-2.0
1019	-2.0
1020	-0.5951833256563795
1021	-0.36584753569783507
1022	-2.0
1023	-2.0
1024	-2.0
1025	-2.0
1026	-2.0
1027	-0.40644864117918
1028	-0.3139332105020728
1029	-0.24794656840165819
1030	-0.020459235375403034
1031	-2.0
1032	-0.43150621833256564
1033	-2.0
1034	-2.0
1035	-2.0
1036	-2.0
1037	-2.0
1038	-2.0
1039	-0.2951271303546752
1040	-0.0272795946568401
1041	-2.0
1042	-2.0
1043	0.011960386918470754
1044	0.02063519115614923
1045	-0.1356084753569783
1046	-0.0975587286964531
1047	-2.0
1048	0.1468848456932289
1049	0.12266328880700134
1050	0.0
1051	-2.0
1052	0.12572869645324736
1053	0.012139106402579456
1054	0.09200506678949794
1055	-2.0
1056	-2.0
1057	0.07218654997696915
1058	-2.0
1059	-2.0
1060	-2.0
1061	-2.0
1062	-2.0
1063	-2.0
1064	0.003252418240442194
1065	-2.0
1066	-2.0
1067	0.0
1068	-2.0
1069	0.06599999999999995
1070	0.0
1071	-2.0
1072	0.48
1073	-0.17334362045140486
1074	-2.0
1075	0.020886688162137266
1076	0.004625057577153386
1077	-0.0008046982957162566
1078	-2.0
1079	0.007478120681713496
1080	0.07289682174113314
1081	-2.0
1082	-2.0
1083	-2.0
1084	0.1063486872409028
1085	0.2500598802395209
1086	0.20117964071856298
1087	-2.0
1088	-0.28270888991248266
1089	-0.19594656840165825
1090	0.030315522800552774
1091	-2.0
1092	0.02824458774758176
1093	-2.0
1094	-2.0
1095	-0.2486411791801013
1096	0.008901427913404092
1097	-2.0
1098	0.0
1099	-2.0
1100	0.031179180101335788
1101	-2.0
1102	0.24526439428834643
1103	0.11248364808843858
1104	0.08973238139106403
1105	-2.0
1106	-2.0
1107	-2.0
1108	-2.0
1109	0.05977521879318287
1110	-2.0
1111	-0.054388300322432026
1112	-2.0
1113	-2.0
1114	0.013128972823583607
1115	-2.0
1116	-2.0
1117	-0.0028530631045601117
1118	0.02955043758636573
1119	-2.0
1120	-2.0
1121	-0.22394058037770614
1122	-2.0
1123	-0.06388807001381852
1124	-2.0
1125	-2.0
1126	-0.22597881160755406
1127	0.0
1128	-2.0
1129	-0.432519576232151
1130	-2.0
1131	-2.0
1132	-2.0
1133	-0.44753569783509894
1134	-0.09976969138645775
1135	-0.03067941040994937
1136	-2.0
1137	-2.0
1138	-2.0
1139	-2.0
1140	-0.3488968217411331
1141	-2.0
1142	-0.9206817134960847
1143	-0.617541225241824
1144	-0.19674712114233073
1145	0.022006909258406267
1146	0.01173053892215569
1147	0.1407199447259328
1148	-2.0
1149	-2.0
1150	0.06461077844311378
1151	0.18302901888530634
1152	0.01934730538922156
1153	0.06371349608475357
1154	-2.0
1155	0.0
1156	-0.0466278212805159
1157	-2.0
1158	0.0061736526946107794
1159	-2.0
1160	-2.0
1161	0.0967885766927683
1162	-2.0
1163	-2.0
1164	0.12205481345002311
1165	-0.2178502994011975
1166	-2.0
1167	0.03243850760018425
1168	-2.0
1169	-0.0025043758636572946
1170	0.020348687240902816
1171	-2.0
1172	-0.021
1173	-2.0
1174	-2.0
1175	0.0
1176	-2.0
1177	-2.0
1178	-0.9378166743436205
1179	-2.0
1180	-2.0
1181	-2.0
1182	-2.0
1183	-2.0
1184	-2.0
1185	-2.0
1186	-2.0
1187	-2.0
1188	-2.0
1189	-0.29728235836020267
1190	-2.0
1191	-2.0
1192	-2.0
1193	-2.0
1194	0.06000000000000005
1195	-2.0
1196	0.13567204053431597
1197	-2.0
1198	-2.0
1199	-2.0
1200	0.0688857669276831
1201	-2.0
1202	-2.0
1203	-2.0
1204	-0.22257024412713022
1205	0.0
1206	-2.0
1207	0.029376784891754958
1208	0.01018977429755873
1209	-2.0
1210	-2.0
1211	-2.0
1212	-2.0
1213	0.0
1214	0.0
1215	-2.0
1216	-2.0
1217	-2.0
1218	-2.0
1219	-2.0
1220	-2.0
1221	0.022980193459235375
1222	-2.0
1223	-2.0
1224	-2.0
1225	-2.0
1226	-0.10852141870105947
1227	-2.0
1228	-2.0
1229	-0.9755872869645325
1230	-0.022910179640718557
1231	-2.0
1232	-2.0
1233	0.002054813450023032
1234	-2.0
1235	-2.0
1236	-2.0
1237	0.3221897742975588
1238	-2.0
1239	-2.0
1240	-2.0
1241	0.0
1242	-2.0
1243	0.04919944725932751
1244	0.06552049746660525
1245	-2.0
1246	0.05353707968678029
1247	-0.06301151543067712
1248	-2.0
1249	-2.0
1250	-2.0
1251	-0.09883141409488713
1252	-2.0
1253	-0.27719944725932744
1254	-0.20870566559189307
1255	-2.0
1256	-2.0
1257	0.1031906955320129
1258	-2.0
1259	-2.0
1260	0.13270013818516824
1261	0.3271989866421005
1262	-0.17369875633348686
1263	-2.0
1264	-0.3279134039613082
1265	-0.22593274988484557
1266	-2.0
1267	-2.0
1268	-0.4161676646706587
1269	-0.28000921234454157
1270	-0.05018286503915248
1271	-2.0
1272	-0.26725011515430674
1273	-2.0
1274	-0.3115614923998158
1275	-0.3700138185168125
1276	-0.18382634730538916
1277	-2.0
1278	-0.006404421925380009
1279	-2.0
1280	-2.0
1281	-2.0
1282	-2.0
1283	-2.0
1284	-0.0639797328420082
1285	-0.19134039613081533
1286	-0.1507600184246891
1287	0.0
1288	-2.0
1289	-0.014263473053892209
1290	-0.009022570244127129
1291	-0.042
1292	-2.0
1293	-0.008820359281437123
1294	-2.0
1295	-0.18653569783509905
1296	-2.0
1297	-0.22881713496084752
1298	-0.02236757254721325
1299	-2.0
1300	-2.0
1301	-0.07876554583141404
1302	-0.1539843390142791
1303	-2.0
1304	-0.15597236296637484
1305	-0.16764302164900965
1306	-0.05734315983417776
1307	-0.1699940119760478
1308	0.0
1309	-2.0
1310	-2.0
1311	-2.0
1312	-2.0
1313	-2.0
1314	-0.15574067250115156
1315	-0.2172934131736527
1316	-2.0
1317	-2.0
1318	-2.0
1319	-0.041941040994933204
1320	-0.006486872409028094
1321	-0.362421004145555
1322	-0.24788760939659144
1323	0.16665269461077845
1324	-2.0
1325	-2.0
1326	-2.0
1327	-0.43030861354214645
1328	-0.16084108705665578
1329	-2.0
1330	-0.006497466605251023
1331	-2.0
1332	-2.0
1333	-2.0
1334	-2.0
1335	0.0
1336	-0.6900806080147397
1337	-2.0
1338	-2.0
1339	-2.0
1340	-2.0
1341	-2.0
1342	0.430431137724551
1343	-2.0
1344	-2.0
1345	0.29390465223399354
1346	-2.0
1347	0.520584983878397
1348	0.0
1349	-0.176
1350	0.054565177337632435
1351	0.08803270382312299
1352	-2.0
1353	-0.14748963611239063
1354	0.0
1355	-2.0
1356	-2.0
1357	0.004713035467526485
1358	-2.0
1359	0.015302164900967363
1360	-2.0
1361	-2.0
1362	0.017030861354214652
1363	0.03441685859051129
1364	-2.0
1365	-0.1989543988945185
1366	0.23006264394288356
1367	-0.17526209120221092
1368	-2.0
1369	-2.0
1370	0.14962321510824506
1371	-2.0
1372	-2.0
1373	0.0
1374	-2.0
1375	-2.0
1376	0.00018701059419622308
1377	-2.0
1378	0.0
1379	-2.0
1380	-2.0
1381	-2.0
1382	-2.0
1383	0.287130815292492
1384	0.6782335329341318
1385	-0.057452786734223854
1386	0.026006909258406263
1387	0.03633717181022571
1388	-2.0
1389	-2.0
1390	-2.0
1391	-2.0
1392	0.028873790879778927
1393	0.2864831874712115
1394	-2.0
1395	0.277
1396	-2.0
1397	-2.0
1398	0.021164440350069095
1399	0.0066222938737908795
1400	-2.0
1401	-2.0
1402	-2.0
1403	0.687961308152925
1404	0.96
1405	-2.0
1406	-2.0
1407	-2.0
1408	-2.0
1409	-2.0
1410	-2.0
1411	-2.0
1412	-2.0
1413	-0.01504099493321049
1414	0.01266374942422847
1415	-2.0
1416	-2.0
1417	-0.04633763242745279
1418	-2.0
1419	-0.08281897742975586
1420	-0.44226715799170885
1421	-2.0
1422	-2.0
1423	-2.0
1424	-2.0
1425	-2.0
1426	-2.0
1427	0.14584431137724563
1428	0.18693413173652695
1429	-2.0
1430	-2.0
1431	0.014839244587747588
1432	-2.0
1433	0.12883095347766016
1434	0.0036476278212805857
1435	-2.0
1436	-2.0
1437	0.008570244127130354
1438	-2.0
1439	-0.11699677567941036
1440	-2.0
1441	-2.0
1442	-2.0
1443	-2.0
1444	-2.0
1445	-2.0
1446	0.0027650852141870115
1447	0.01062229387379088
1448	-2.0
1449	-2.0
1450	-2.0
1451	-0.04254076462459691
1452	-2.0
1453	0.14332197144173198
1454	0.41800000000000004
1455	-2.0
1456	-2.0
1457	-2.0
1458	-2.0
1459	-2.0
1460	-2.0
1461	-0.008
1462	-0.009
1463	0.0007650852141870123
1464	-2.0
1465	-2.0
1466	-2.0
1467	-2.0
1468	-2.0
1469	-0.06689267618608935
1470	0.0
1471	-2.0
1472	-0.004
1473	-2.0
1474	-2.0
1475	-2.0
1476	-2.0
1477	0.0
1478	-2.0
1479	-2.0
1480	0.005976047904191617
1481	-2.0
1482	-2.0
1483	-2.0
1484	-2.0
1485	-2.0
1486	-2.0
1487	-2.0
1488	-0.008
1489	0.01200414555504376
1490	0.044032703823123076
1491	-2.0
1492	-2.0
1493	0.15600000000000003
1494	-0.6684117918010133
1495	-0.090366651312759
1496	-0.24726761860893598
1497	-2.0
1498	0.0015398433901427921
1499	0.017292952556425614
1500	-2.0
1501	-2.0
1502	-0.09297696913864577
1503	-0.04243758636573007
1504	-0.004304007369875636
1505	-0.03394518654997697
1506	-2.0
1507	0.005614463380930447
1508	-0.07885766927683091
1509	-0.3923537540304006
1510	-2.0
1511	-2.0
1512	-0.007
1513	-2.0
1514	-2.0
1515	-0.053530631045601074
1516	-2.0
1517	-2.0
1518	0.0008705665591893143
1519	-2.0
1520	-2.0
1521	-2.0
1522	0.0
1523	-2.0
1524	-2.0
1525	0.00793689543988943
1526	0.06252924919391986
1527	-2.0
1528	0.0
1529	-2.0
1530	-2.0
1531	0.004607554122524184
1532	-0.023029018885306306
1533	0.01421510824504837
1534	-2.0
1535	-0.2620912022109626
1536	-0.06499216950713949
1537	-2.0
1538	-2.0
1539	-2.0
1540	-2.0
1541	0.004041455550437587
1542	-2.0
1543	-2.0
1544	0.033355135882082
1545	0.05417457392906497
1546	-2.0
1547	-0.001682174113311839
1548	-0.014632427452786728
1549	-0.022105020727775218
1550	0.027388760939659147
1551	0.170229387379088
1552	0.7256204514048825
1553	-0.2986462459695993
1554	-2.0
1555	-2.0
1556	0.06455366190695531
1557	0.029760018424689085
1558	0.021568862275449102
1559	-2.0
1560	-2.0
1561	0.03361722708429296
1562	-2.0
1563	-2.0
1564	-0.0053003224320589595
1565	-0.013240902809765087
1566	0.0
1567	-2.0
1568	-2.0
1569	-0.43786273606632886
1570	-0.08143712574850304
1571	-0.12122247812068165
1572	0.0
1573	-2.0
1574	0.003344541685859053
1575	-0.009668816213726394
1576	-2.0
1577	0.004002763703362507
1578	-2.0
1579	0.057433440810686354
1580	0.0
1581	-2.0
1582	0.003602487333026254
1583	0.0
1584	-2.0
1585	0.17500000000000004
1586	-0.20156609857208663
1587	-2.0
1588	-2.0
1589	-2.0
1590	0.05817549516351911
1591	-0.0003961308152924878
1592	0.0220322432058959
1593	-0.017917088899124824
1594	-2.0
1595	0.023546292031321973
1596	-0.008637954859511743
1597	0.28497144173192085
1598	0.264
1599	-2.0
1600	0.6534491017964071
1601	-2.0
1602	-2.0
1603	-0.38101612160294795
1604	-0.3366890833717181
1605	-0.0038116075541225237
1606	0.04856794104099495
1607	-0.14997005988023948
1608	-0.5719175495163519
1609	0.0
1610	0.0
1611	-0.09752924919391985
1612	-0.11115062183325655
1613	-2.0
1614	-0.5264016582220175
1615	0.254
1616	0.06331966835559666
1617	0.052056195301704355
1618	-0.4530861354214647
1619	-2.0
1620	-2.0
1621	-2.0
1622	-2.0
1623	-2.0
1624	-2.0
1625	0.12036480884385078
1626	-0.042966374942422836
1627	-2.0
1628	-2.0
1629	-2.0
1630	-0.4500092123445417
1631	-2.0
1632	0.01100000000000001
1633	-2.0
1634	0.0
1635	-0.28862275449101793
1636	-2.0
1637	-0.47904191616766456
1638	-0.4066379548595117
1639	-0.2012045140488254
1640	-0.24725932749884838
1641	0.0
1642	-2.0
1643	-2.0
1644	-0.054625057577153385
1645	-2.0
1646	0.26069184707508064
1647	-2.0
1648	-2.0
1649	-2.0
1650	0.44726070935052986
1651	-2.0
1652	-0.35373053892215567
1653	-2.0
1654	-0.23090741593735598
1655	-0.1934592353754031
1656	0.1193961308152925
1657	-2.0
1658	0.1442754491017964
1659	-2.0
1660	-2.0
1661	-2.0
1662	-2.0
1663	-2.0
1664	-0.013963611239060314
1665	-0.06987379087977894
1666	-2.0
1667	-2.0
1668	-0.6716047904191617
1669	-0.4861335789958544
1670	-0.37342699216950714
1671	-2.0
1672	-0.0779824965453707
1673	-2.0
1674	-2.0
1675	-0.24661676646706587
1676	-0.4304928604329802
1677	-0.6419115614923998
1678	-0.13569783509903266
1679	-0.1171810225702441
1680	-2.0
1681	-2.0
1682	-2.0
1683	-2.0
1684	-2.0
1685	0.11624458774758178
1686	0.01122662367572548
1687	-2.0
1688	-2.0
1689	-0.20018424689083358
1690	0.0
1691	0.028270382312298503
1692	-2.0
1693	-2.0
1694	-0.23639567019806534
1695	-2.0
1696	-2.0
1697	-2.0
1698	-0.18161584523261165
1699	-2.0
1700	-0.3680308613542147
1701	-0.04154767388300318
1702	-2.0
1703	-2.0
1704	0.20289543988945186
1705	-0.3693228926761861
1706	-0.10200184246890834
1707	-2.0
1708	0.03638369415016122
1709	-2.0
1710	-2.0
1711	-0.010448641179180068
1712	-2.0
1713	-0.5386153846153846
1714	-2.0
1715	-2.0
1716	-2.0
1717	-0.5862736066328881
1718	-2.0
1719	-2.0
1720	-2.0
1721	-2.0
1722	0.0
1723	-2.0
1724	-2.0
1725	-2.0
1726	-2.0
1727	-0.909010594196223
1728	0.002489636112390614
1729	-2.0
1730	-2.0
1731	-2.0
1732	-0.6708843850760018
1733	-2.0
1734	-2.0
1735	-2.0
1736	-2.0
1737	-2.0
1738	-2.0
1739	0.0
1740	-2.0
1741	0.049498387839705206
1742	-2.0
1743	-2.0
1744	-0.5524643021649009
1745	-0.05988392445877477
1746	0.12037954859511746
1747	-2.0
1748	0.008072316904652231
1749	0.02128788576692768
1750	-2.0
1751	-2.0
1752	-0.2973864578535237
1753	-2.0
1754	-0.1992630124366651
1755	-0.27139567019806543
1756	-2.0
1757	-0.13597420543528327
1758	-2.0
1759	-0.2486411791801013
1760	0.016000000000000014
1761	0.1465730078304929
1762	0.1309926301243668
1763	-2.0
1764	0.01095163519115619
1765	-2.0
1766	-2.0
1767	-2.0
1768	0.029210502072777547
1769	-2.0
1770	-2.0
1771	-0.08361538461538459
1772	-0.11764163979732833
1773	-0.26163058498387837
1774	-0.08194426531552279
1775	-2.0
1776	-2.0
1777	-2.0
1778	-2.0
1779	-2.0
1780	-0.5076001842468909
1781	-2.0
1782	-2.0
1783	-0.7919852602487333
1784	-0.44578535237217876
1785	-0.5666900046061722
1786	-0.11757807461999076
1787	-0.1552915707047443
1788	-0.1561833256563795
1789	-0.03671027176416397
1790	0.23399999999999999
1791	-0.35578074619990774
1792	-2.0
1793	0.0947125748502994
1794	0.1556780285582681
1795	0.28562874251497006
1796	-2.0
1797	-2.0
1798	-2.0
1799	-2.0
1800	0.16382404421925384
1801	0.01418470750806089
1802	0.0
1803	0.0
1804	0.43172823583602027
1805	0.12538737908797787
1806	0.14682911100875173
1807	-2.0
1808	-0.41980654076462465
1809	-0.3515140488254259
1810	-0.25223399355135867
1811	-2.0
1812	-2.0
1813	-2.0
1814	-2.0
1815	-0.32630124366651303
1816	-0.3356978350990327
1817	-2.0
1818	-2.0
1819	-0.45746614463380925
1820	-2.0
1821	-0.5428502994011977
1822	0.03140442192538004
1823	-2.0
1824	-2.0
1825	-2.0
1826	-2.0
1827	-2.0
1828	-2.0
1829	0.05465822201750348
1830	0.18092031321971452
1831	-2.0
1832	0.6245978811607555
1833	-0.0033749424228466107
1834	-2.0
1835	-2.0
1836	0.07353477660064489
1837	0.04215292491939199
1838	0.17121142330723169
1839	-2.0
1840	-2.0
1841	-2.0
1842	-2.0
1843	0.014938737908797791
1844	0.059742975587286966
1845	-2.0
1846	-2.0
1847	-0.353163979732842
1848	-0.1622561031782589
1849	-2.0
1850	-2.0
1851	-2.0
1852	-2.0
1853	-0.10594380469829573
1854	0.0
1855	-2.0
1856	-2.0
1857	-2.0
1858	0.05187286964532478
1859	-2.0
1860	-2.0
1861	-2.0
1862	-2.0
1863	-2.0
1864	-2.0
1865	-2.0
1866	0.0
1867	-2.0
1868	0.0608562874251497
1869	-2.0
1870	0.0
1871	-0.013975126669737326
1872	0.03131920773836938
1873	-2.0
1874	0.03987885766927684
1875	-2.0
1876	0.011248272685398408
1877	0.0
1878	-2.0
1879	0.07292445877475819
1880	-2.0
1881	0.006016121602947951
1882	-2.0
1883	-2.0
1884	-2.0
1885	0.01942929525564263
1886	-2.0
1887	0.09755918931368032
1888	-2.0
1889	0.0
1890	0.011277752187931922
1891	-2.0
1892	0.011177798249654543
1893	-0.0046421004145555025
1894	-0.0011414094887148736
1895	0.0072538000921234455
1896	-2.0
1897	-2.0
1898	-2.0
1899	0.037673883003224384
1900	0.041390142791340456
1901	0.07036757254721326
1902	0.706
1903	-2.0
1904	-2.0
1905	0.06140304007369879
1906	-2.0
1907	-2.0
1908	0.16930078304928606
1909	0.028484108705665603
1910	-2.0
1911	-2.0
1912	-0.36397973284200824
1913	-0.2596282818977429
1914	-0.10177429755872869
1915	-2.0
1916	-0.11321971441731915
1917	-2.0
1918	-0.18559327498848455
1919	0.21604836480884385
1920	0.33427084292952564
1921	-2.0
1922	-2.0
1923	-2.0
1924	0.03762828189774298
1925	-0.07320543528327955
1926	-2.0
1927	-0.09172869645324733
1928	-0.10399401197604785
1929	-2.0
1930	-2.0
1931	-2.0
1932	0.0
1933	-2.0
1934	-0.03831782588668814
1935	-2.0
1936	-0.49414325195762315
1937	-0.22084016582220167
1938	0.1240672501151544
1939	-2.0
1940	-2.0
1941	-0.24785260248733304
1942	-0.06788162137263934
1943	-2.0
1944	-2.0
1945	-2.0
1946	-2.0
1947	0.04569783509903272
1948	-2.0
1949	-2.0
1950	-2.0
1951	-2.0
1952	-0.06872409028097648
1953	-0.09599263012436665
1954	-2.0
1955	-2.0
1956	-2.0
1957	0.004128512206356523
1958	0.09865914325195763
1959	-2.0
1960	0.11531229847996316
1961	0.02415522800552741
1962	-0.1325610317825886
1963	-2.0
1964	-2.0
1965	-0.44929433440810684
1966	-0.42251266697374473
1967	0.24209350529709817
1968	-2.0
1969	-0.15324781206817129
1970	0.029255642561031747
1971	-2.0
1972	-2.0
1973	-2.0
1974	0.03597789037309996
1975	-2.0
1976	-2.0
1977	-0.08097650852141869
1978	0.0
1979	-2.0
1980	-2.0
1981	-0.10336250575771533
1982	-2.0
1983	-2.0
1984	-2.0
1985	0.02508705665591894
1986	0.027193919852602493
1987	0.76
1988	-2.0
1989	-2.0
1990	-2.0
1991	-2.0
1992	-2.0
1993	-2.0
1994	-2.0
1995	-2.0
1996	-2.0
1997	-2.0
1998	-2.0
1999	-2.0
2000	-2.0
2001	-2.0
2002	-2.0
2003	-2.0
2004	-2.0
2005	-2.0
2006	-2.0
2007	-2.0
2008	-2.0
2009	-2.0
2010	-2.0
2011	-2.0
2012	-2.0
2013	-2.0
2014	-2.0
2015	-2.0
2016	-2.0
2017	-2.0
2018	-2.0
2019	-2.0
2020	-2.0
2021	-2.0
2022	-2.0
2023	-2.0
2024	-2.0
2025	-2.0
2026	-2.0
2027	-2.0
2028	-2.0
2029	-2.0
2030	-2.0
2031	-2.0
2032	-2.0
2033	-2.0
2034	-2.0
2035	-2.0
2036	-2.0
2037	-2.0
2038	-2.0
2039	-2.0
2040	-2.0
2041	-2.0
2042	-2.0
2043	-2.0
2044	-2.0
2045	-2.0
2046	-2.0
2047	-2.0
2048	-2.0
2049	-2.0
2050	-2.0
2051	-2.0
2052	-2.0
2053	-2.0
2054	-2.0
2055	-2.0
2056	-2.0
2057	-2.0
2058	-2.0
2059	-2.0
2060	-2.0
2061	-2.0
2062	-2.0
2063	-2.0
2064	-2.0
2065	-2.0
2066	-2.0
2067	-2.0
2068	-2.0
2069	-2.0
2070	-2.0
2071	-2.0
2072	-2.0
2073	-2.0
2074	-2.0
2075	-2.0
2076	-2.0
2077	-2.0
2078	-2.0
2079	-2.0
2080	-2.0
2081	-2.0
2082	-2.0
2083	-2.0
2084	-2.0
2085	-2.0
2086	-2.0
2087	-2.0
2088	-2.0
2089	-2.0
2090	-2.0
2091	-2.0
2092	-2.0
2093	-2.0
2094	-2.0
2095	-2.0
2096	-2.0
2097	-2.0
2098	-2.0
2099	-2.0
2100	-2.0
2101	-2.0
2102	-2.0
2103	-2.0
2104	-2.0
2105	-2.0
2106	-2.0
2107	-2.0
2108	-2.0
2109	-2.0
2110	-2.0
2111	-2.0
2112	-2.0
2113	-2.0
2114	-2.0
2115	-2.0
2116	-2.0
2117	-2.0
2118	-2.0
2119	-2.0
2120	-2.0
2121	-2.0
2122	-2.0
2123	-2.0
2124	-2.0
2125	-2.0
2126	-2.0
2127	-2.0
2128	-2.0
2129	-2.0
2130	-2.0
2131	-2.0
2132	-2.0
2133	-2.0
2134	-2.0
2135	-2.0
2136	-2.0
2137	-2.0
2138	-2.0
2139	-2.0
2140	-2.0
2141	-2.0
2142	-2.0
2143	-2.0
2144	-2.0
2145	-2.0
2146	-2.0
2147	-2.0
2148	-2.0
2149	-2.0
2150	-2.0
2151	-2.0
2152	-2.0
2153	-2.0
2154	-2.0
2155	-2.0
2156	-2.0
2157	-2.0
2158	-2.0
2159	-2.0
2160	-2.0
2161	-2.0
2162	-2.0
2163	-2.0
2164	-2.0
2165	-2.0
2166	-2.0
2167	-2.0
2168	-2.0
2169	-2.0
2170	-2.0
2171	-2.0
2172	-2.0
2173	-2.0
2174	-2.0
2175	-2.0
2176	-2.0
2177	-2.0
2178	-2.0
2179	-2.0
2180	-2.0
2181	-2.0
2182	-2.0
2183	-2.0
2184	-2.0
2185	-2.0
2186	-2.0
2187	-2.0
2188	-2.0
2189	-2.0
2190	-2.0
2191	-2.0
2192	-2.0
2193	-2.0
2194	-2.0
2195	-2.0
2196	-2.0
2197	-2.0
2198	-2.0
2199	-2.0
2200	-2.0
2201	-2.0
2202	-2.0
2203	-2.0
2204	-2.0
2205	-2.0
2206	-2.0
2207	-2.0
2208	-2.0
2209	-2.0
2210	-2.0
2211	-2.0
2212	-2.0
2213	-2.0
2214	-2.0
2215	-2.0
2216	-2.0
2217	-2.0
2218	-2.0
2219	-2.0
2220	-2.0
2221	-2.0
2222	-2.0
2223	-2.0
2224	-2.0
2225	-2.0
2226	-2.0
2227	-2.0
2228	-2.0
2229	-2.0
2230	-2.0
2231	-2.0
2232	-2.0
2233	-2.0
2234	-2.0
2235	-2.0
2236	-2.0
2237	-2.0
2238	-2.0
2239	-2.0
2240	-2.0
2241	-2.0
2242	-2.0
2243	-2.0
2244	-2.0
2245	-2.0
2246	-2.0
2247	-2.0
2248	-2.0
2249	-2.0
2250	-2.0
2251	-2.0
2252	-2.0
2253	-2.0
2254	-2.0
2255	-2.0
2256	-2.0
2257	-2.0
2258	-2.0
2259	-2.0
2260	-2.0
2261	-2.0
2262	-2.0
2263	-2.0
2264	-2.0
2265	-2.0
2266	-2.0
2267	-2.0
2268	-2.0
2269	-2.0
2270	-2.0
2271	-2.0
2272	-2.0
2273	-2.0
2274	-2.0
2275	-2.0
2276	-2.0
2277	-2.0
2278	-2.0
2279	-2.0
2280	-2.0
2281	-2.0
2282	-2.0
2283	-2.0
2284	-2.0
2285	-2.0
2286	-2.0
2287	-2.0
2288	-2.0
2289	-2.0
2290	-2.0
2291	-2.0
2292	-2.0
2293	-2.0
2294	-2.0
2295	-2.0
2296	-2.0
2297	-2.0
2298	-2.0
2299	-2.0
2300	-2.0
2301	-2.0
2302	-2.0
2303	-2.0
2304	-2.0
2305	-2.0
2306	-2.0
2307	-2.0
2308	-2.0
2309	-2.0
2310	-2.0
2311	-2.0
2312	-2.0
2313	-2.0
2314	-2.0
2315	-2.0
2316	-2.0
2317	-2.0
2318	-2.0
2319	-2.0
2320	-2.0
2321	-2.0
2322	-2.0
2323	-2.0
2324	-2.0
2325	-2.0
2326	-2.0
2327	-2.0
2328	-2.0
2329	-2.0
2330	-2.0
2331	-2.0
2332	-2.0
2333	-2.0
2334	-2.0
2335	-2.0
2336	-2.0
2337	-2.0
2338	-2.0
2339	-2.0
2340	-2.0
2341	-2.0
2342	-2.0
2343	-2.0
2344	-2.0
2345	-2.0
2346	-2.0
2347	-2.0
2348	-2.0
2349	-2.0
2350	-2.0
2351	-2.0
2352	-2.0
2353	-2.0
2354	-2.0
2355	-2.0
2356	-2.0
2357	-2.0
2358	-2.0
2359	-2.0
2360	-2.0
2361	-2.0
2362	-2.0
2363	-2.0
2364	-2.0
2365	-2.0
2366	-2.0
2367	-2.0
2368	-2.0
2369	-2.0
2370	-2.0
2371	-2.0
2372	-2.0
2373	-2.0
2374	-2.0
2375	-2.0
2376	-2.0
2377	-2.0
2378	-2.0
2379	-2.0
2380	-2.0
2381	-2.0
2382	-2.0
2383	-2.0
2384	-2.0
2385	-2.0
2386	-2.0
2387	-2.0
2388	-2.0
2389	-2.0
2390	-2.0
2391	-2.0
2392	-2.0
2393	-2.0
2394	-2.0
2395	-2.0
2396	-2.0
2397	-2.0
2398	-2.0
2399	-2.0
2400	-2.0
2401	-2.0
2402	-2.0
2403	-2.0
2404	-2.0
2405	-2.0
2406	-2.0
2407	-2.0
2408	-2.0
2409	-2.0
2410	-2.0
2411	-2.0
2412	-2.0
2413	-2.0
2414	-2.0
2415	-2.0
2416	-2.0
2417	-2.0
2418	-2.0
2419	-2.0
2420	-2.0
2421	-2.0
2422	-2.0
2423	-2.0
2424	-2.0
2425	-2.0
2426	-2.0
2427	-2.0
2428	-2.0
2429	-2.0
2430	-2.0
2431	-2.0
2432	-2.0
2433	-2.0
2434	-2.0
2435	-2.0
2436	-2.0
2437	-2.0
2438	-2.0
2439	-2.0
2440	-2.0
2441	-2.0
2442	-2.0
2443	-2.0
2444	-2.0
2445	-2.0
2446	-2.0
2447	-2.0
2448	-2.0
2449	-2.0
2450	-2.0
2451	-2.0
2452	-2.0
2453	-2.0
2454	-2.0
2455	-2.0
2456	-2.0
2457	-2.0
2458	-2.0
2459	-2.0
2460	-2.0
2461	-2.0
2462	-2.0
2463	-2.0
2464	-2.0
2465	-2.0
2466	-2.0
2467	-2.0
2468	-2.0
2469	-2.0
2470	-2.0
2471	-2.0
2472	-2.0
2473	-2.0
2474	-2.0
2475	-2.0
2476	-2.0
2477	-2.0
2478	-2.0
2479	-2.0
2480	-2.0
2481	-2.0
2482	-2.0
2483	-2.0
2484	-2.0
2485	-2.0
2486	-2.0
2487	-2.0
2488	-2.0
2489	-2.0
2490	-2.0
2491	-2.0
2492	-2.0
2493	-2.0
2494	-2.0
2495	-2.0
2496	-2.0
2497	-2.0
2498	-2.0
2499	-2.0
2500	-2.0
2501	-2.0
2502	-2.0
2503	-2.0
2504	-2.0
2505	-2.0
2506	-2.0
2507	-2.0
2508	-2.0
2509	-2.0
2510	-2.0
2511	-2.0
2512	-2.0
2513	-2.0
2514	-2.0
2515	-2.0
2516	-2.0
2517	-2.0
2518	-2.0
2519	-2.0
2520	-2.0
2521	-2.0
2522	-2.0
2523	-2.0
2524	-2.0
2525	-2.0
2526	-2.0
2527	-2.0
2528	-2.0
2529	-2.0
2530	-2.0
2531	-2.0
2532	-2.0
2533	-2.0
2534	-2.0
2535	-2.0
2536	-2.0
2537	-2.0
2538	-2.0
2539	-2.0
2540	-2.0
2541	-2.0
2542	-2.0
2543	-2.0
2544	-2.0
2545	-2.0
2546	-2.0
2547	-2.0
2548	-2.0
2549	-2.0
2550	-2.0
2551	-2.0
2552	-2.0
2553	-2.0
2554	-2.0
2555	-2.0
2556	-2.0
2557	-2.0
2558	-2.0
2559	-2.0
2560	-2.0
2561	-2.0
2562	-2.0
2563	-2.0
2564	-2.0
2565	-2.0
2566	-2.0
2567	-2.0
2568	-2.0
2569	-2.0
2570	-2.0
2571	-2.0
2572	-2.0
2573	-2.0
2574	-2.0
2575	-2.0
2576	-2.0
2577	-2.0
2578	-2.0
2579	-2.0
2580	-2.0
2581	-2.0
2582	-2.0
2583	-2.0
2584	-2.0
2585	-2.0
2586	-2.0
2587	-2.0
2588	-2.0
2589	-2.0
2590	-2.0
2591	-2.0
2592	-2.0
2593	-2.0
2594	-2.0
2595	-2.0
2596	-2.0
2597	-2.0
2598	-2.0
2599	-2.0
2600	-2.0
2601	-2.0
2602	-2.0
2603	-2.0
2604	-2.0
2605	-2.0
2606	-2.0
2607	-2.0
2608	-2.0
2609	-2.0
2610	-2.0
2611	-2.0
2612	-2.0
2613	-2.0
2614	-2.0
2615	-2.0
2616	-2.0
2617	-2.0
2618	-2.0
2619	-2.0
2620	-2.0
2621	-2.0
2622	-2.0
2623	-2.0
2624	-2.0
2625	-2.0
2626	-2.0
2627	-2.0
2628	-2.0
2629	-2.0
2630	-2.0
2631	-2.0
2632	-2.0
2633	-2.0
2634	-2.0
2635	-2.0
2636	-2.0
2637	-2.0
2638	-2.0
2639	-2.0
2640	-2.0
2641	-2.0
2642	-2.0
2643	-2.0
2644	-2.0
2645	-2.0
2646	-2.0
2647	-2.0
2648	-2.0
2649	-2.0
2650	-2.0
2651	-2.0
2652	-2.0
2653	-2.0
2654	-2.0
2655	-2.0
2656	-2.0
2657	-2.0
2658	-2.0
2659	-2.0
2660	-2.0
2661	-2.0
2662	-2.0
2663	-2.0
2664	-2.0
2665	-2.0
2666	-2.0
2667	-2.0
2668	-2.0
2669	-2.0
2670	-2.0
2671	-2.0
2672	-2.0
2673	-2.0
2674	-2.0
2675	-2.0
2676	-2.0
2677	-2.0
2678	-2.0
2679	-2.0
2680	-2.0
2681	-2.0
2682	-2.0
2683	-2.0
2684	-2.0
2685	-2.0
2686	-2.0
2687	-2.0
2688	-2.0
2689	-2.0
2690	-2.0
2691	-2.0
2692	-2.0
2693	-2.0
2694	-2.0
2695	-2.0
2696	-2.0
2697	-2.0
2698	-2.0
2699	-2.0
2700	-2.0
2701	-2.0
2702	-2.0
2703	-2.0
2704	-2.0
2705	-2.0
2706	-2.0
2707	-2.0
2708	-2.0
2709	-2.0
2710	-2.0
2711	-2.0
2712	-2.0
2713	-2.0
2714	-2.0
2715	-2.0
2716	-2.0
2717	-2.0
2718	-2.0
2719	-2.0
2720	-2.0
2721	-2.0
2722	-2.0
2723	-2.0
2724	-2.0
2725	-2.0
2726	-2.0
2727	-2.0
2728	-2.0
2729	-2.0
2730	-2.0
2731	-2.0
2732	-2.0
2733	-2.0
2734	-2.0
2735	-2.0
2736	-2.0
2737	-2.0
2738	-2.0
2739	-2.0
2740	-2.0
2741	-2.0
2742	-2.0
2743	-2.0
2744	-2.0
2745	-2.0
2746	-2.0
2747	-2.0
2748	-2.0
2749	-2.0
2750	-2.0
2751	-2.0
2752	-2.0
2753	-2.0
2754	-2.0
2755	-2.0
2756	-2.0
2757	-2.0
2758	-2.0
2759	-2.0
2760	-2.0
2761	-2.0
2762	-2.0
2763	-2.0
2764	-2.0
2765	-2.0
2766	-2.0
2767	-2.0
2768	-2.0
2769	-2.0
2770	-2.0
2771	-2.0
2772	-2.0
2773	-2.0
2774	-2.0
2775	-2.0
2776	-2.0
2777	-2.0
2778	-2.0
2779	-2.0
2780	-2.0
2781	-2.0
2782	-2.0
2783	-2.0
2784	-2.0
2785	-2.0
2786	-2.0
2787	-2.0
2788	-2.0
2789	-2.0
2790	-2.0
2791	-2.0
2792	-2.0
2793	-2.0
2794	-2.0
2795	-2.0
2796	-2.0
2797	-2.0
2798	-2.0
2799	-2.0
2800	-2.0
2801	-2.0
2802	-2.0
2803	-2.0
2804	-2.0
2805	-2.0
2806	-2.0
2807	-2.0
2808	-2.0
2809	-2.0
2810	-2.0
2811	-2.0
2812	-2.0
2813	-2.0
2814	-2.0
2815	-2.0
2816	-2.0
2817	-2.0
2818	-2.0
2819	-2.0
2820	-2.0
2821	-2.0
2822	-2.0
2823	-2.0
2824	-2.0
2825	-2.0
2826	-2.0
2827	-2.0
2828	-2.0
2829	-2.0
2830	-2.0
2831	-2.0
2832	-2.0
2833	-2.0
2834	-2.0
2835	-2.0
2836	-2.0
2837	-2.0
2838	-2.0
2839	-2.0
2840	-2.0
2841	-2.0
2842	-2.0
2843	-2.0
2844	-2.0
2845	-2.0
2846	-2.0
2847	-2.0
2848	-2.0
2849	-2.0
2850	-2.0
2851	-2.0
2852	-2.0
2853	-2.0
2854	-2.0
2855	-2.0
2856	-2.0
2857	-2.0
2858	-2.0
2859	-2.0
2860	-2.0
2861	-2.0
2862	-2.0
2863	-2.0
2864	-2.0
2865	-2.0
2866	-2.0
2867	-2.0
2868	-2.0
2869	-2.0
2870	-2.0
2871	-2.0
2872	-2.0
2873	-2.0
2874	-2.0
2875	-2.0
2876	-2.0
2877	-2.0
2878	-2.0
2879	-2.0
2880	-2.0
2881	-2.0
2882	-2.0
2883	-2.0
2884	-2.0
2885	-2.0
2886	-2.0
2887	-2.0
2888	-2.0
2889	-2.0
2890	-2.0
2891	-2.0
2892	-2.0
2893	-2.0
2894	-2.0
2895	-2.0
2896	-2.0
2897	-2.0
2898	-2.0
2899	-2.0
2900	-2.0
2901	-2.0
2902	-2.0
2903	-2.0
2904	-2.0
