	Feature	LogRatio	Base
0	scafDX at 5'	-0.1392259864440071	A
1	scafDX at 5'	0.6254254401646479	A
2	scafDX at 5'	0.3601214928922121	A
3	scafDX at 5'	0.3916867747429093	A
4	scafDX at 5'	0.7585417784627081	A
5	scafDX at 5'	0.2217581648608195	A
6	scafDX at 5'	0.4609697605504457	A
7	scafDX at 3'	0.1547025943919628	A
8	scafDX at 3'	-0.5550671172251856	A
9	scafDX at 3'	0.0992819456233037	A
10	scafDX at 3'	0.2142145363253512	A
11	scafDX at 3'	-0.038305270171617	A
12	scafDX at 3'	0.0301838080678215	A
13	scafDX at 3'	-0.0469313861640047	A
14	scafDX at 3'	-0.1121668974860264	A
15	scafDX at 3'	-0.213403647287524	A
16	stapDX at 5'	-0.0261581852292372	A
17	stapDX at 5'	-0.8252462369680831	A
18	stapDX at 5'	-0.036345127110867	A
19	stapDX at 5'	0.0306868763920965	A
20	stapDX at 5'	-0.0020215339295092	A
21	stapDX at 5'	-0.4345564961236283	A
22	stapDX at 5'	-0.1417508163002855	A
23	stapDX at 5'	0.1553328661563484	A
24	stapDX at 5'	-0.0613374546353497	A
25	stapDX at 5'	-0.2327642781293318	A
26	stapDX at 5'	0.1769212768108728	A
27	stapDX at 5'	0.0923550021657654	A
28	stapDX at 5'	0.0697094708195268	A
29	stapDX at 5'	-0.1239682457420925	A
30	stapDX at 5'	-0.6279079444385748	A
31	stapDX at 5'	-0.3086145411263367	A
32	stapDX at 5'	0.0145262531965964	A
33	stapDX at 5'	-0.1616869404614123	A
34	stapDX at 5'	-0.2369276469820267	A
35	stapDX at 5'	-0.1166487469586528	A
36	stapDX at 5'	-0.2871406836131874	A
37	stapDX at 5'	0.0261837235825711	A
38	stapDX at 5'	-0.0483276958618957	A
39	stapDX at 5'	-0.3672882733249304	A
40	stapDX at 5'	-0.7841566751774398	A
41	stapDX at 5'	-0.3448002378036224	A
42	stapDX at 5'	0.0272888985079256	A
43	stapDX at 5'	0.0347820114601335	A
44	stapDX at 5'	-0.103676086518242	A
45	stapDX at 3'	0.1166879117343842	A
46	stapDX at 3'	0.144553954805812	A
47	stapDX at 3'	0.4483179111783371	A
48	stapDX at 3'	-0.2717091125805953	A
49	stapDX at 3'	0.4120200602380185	A
50	stapDX at 3'	-0.0666598155831277	A
51	stapDX at 3'	0.6685711548994806	A
52	stapDX at 3'	0.3608184919633992	A
53	stapDX at 3'	0.1962883722363759	A
54	stapDX at 3'	0.4055891101857278	A
55	stapDX at 3'	-0.2705651868119316	A
56	stapDX at 3'	0.2998383930397839	A
57	stapDX at 3'	0.4789948037958836	A
58	stapDX at 3'	0.3452464829985275	A
59	stapDX at 3'	0.2592014569728414	A
60	stapDX at 3'	0.1880083212309183	A
61	stapDX at 3'	0.014034554086844	A
62	stapDX at 3'	0.754879302191762	A
63	stapDX at 3'	-0.2211454329395053	A
64	stapDX at 3'	0.3190106755703303	A
65	stapDX at 3'	0.1300030630846124	A
66	stapDX at 3'	-0.2841353571193341	A
67	stapDX at 3'	0.723357701135589	A
68	stapDX at 3'	0.4196051509106275	A
69	stapDX at 3'	0.0002822843660665	A
70	stapDX at 3'	0.6183889642183575	A
71	stapDX at 3'	-0.1103614734444515	A
72	stapDX at 3'	-0.3699681066964209	A
73	stapDX at 3'	-0.1471384697279792	A
74	stapDX at 3'	0.0587716122532213	A
75	stapDX at 3'	0.0411806150752064	A
76	stapDX at 3'	0.2195648131569785	A
77	stapSX at 5'	0.3961926984074937	A
78	stapSX at 5'	0.6604287665131551	A
79	stapSX at 5'	0.1564636592446963	A
80	stapSX at 5'	0.3480737411836324	A
81	stapSX at 5'	0.2282638512190101	A
82	stapSX at 5'	0.5643054507275311	A
83	stapSX at 5'	0.5171354158354547	A
84	stapSX at 5'	0.2058964415975654	A
85	stapSX at 5'	0.4086386165159616	A
86	stapSX at 5'	-0.1792032086956158	A
87	stapSX at 5'	0.7250462543259513	A
88	stapSX at 5'	0.6814412242043942	A
89	stapSX at 3'	0.3709337395283243	A
90	stapSX at 3'	0.3439904122297044	A
91	stapSX at 3'	1.5641500011611569	A
92	stapSX at 3'	0.7089913340053461	A
93	stapSX at 3'	0.4133480818442706	A
94	stapSX at 3'	0.8351506382215745	A
95	stapSX at 3'	1.3857323831977608	A
96	stapSX at 3'	0.8874420385076982	A
97	stapSX at 3'	1.2008264008140777	A
98	stapSX at 3'	0.5788252287589166	A
99	stapSX at 3'	0.4668988728194853	A
100	stapSX at 3'	1.394248823331385	A
101	stapSX at 3'	1.1609026144574572	A
102	stapSX at 3'	0.5006432631183975	A
103	stapSX at 3'	0.4259884562189586	A
104	stapSX at 3'	1.3197833860411925	A
105	stapSX at 3'	0.7182036062640433	A
106	stapSX at 3'	0.7740251156363881	A
107	stapEND at 5'	0.4902778716692239	A
108	stapEND at 5'	0.2407214621608875	A
109	stapEND at 5'	0.0839534449883754	A
110	stapEND at 5'	0.3073069496913483	A
111	stapEND at 5'	0.0692557939530961	A
112	stapEND at 5'	0.2907973281899561	A
113	stapEND at 5'	0.0287633634403243	A
114	stapEND at 5'	0.276895183969859	A
115	stapEND at 5'	0.019361020763604	A
116	stapEND at 5'	0.2404103765780265	A
117	stapEND at 5'	0.3096385282860729	A
118	stapEND at 5'	0.5600708062479791	A
119	stapEND at 5'	0.2226364294090698	A
120	stapEND at 5'	0.1626307768879228	A
121	stapEND at 5'	0.3758404694947742	A
122	stapEND at 5'	0.1688130576931167	A
123	stapEND at 5'	0.4048064676249545	A
124	stapEND at 5'	0.1585723183582632	A
125	stapEND at 3'	0.412899302470115	A
126	stapEND at 3'	0.3993800407106124	A
127	stapEND at 3'	0.2561855007655331	A
128	stapEND at 3'	0.2868135864863562	A
129	stapEND at 3'	0.6589078804310482	A
130	stapEND at 3'	0.0427595317603892	A
131	stapEND at 3'	0.1551933350264635	A
132	stapEND at 3'	0.7394760440444922	A
133	stapEND at 3'	0.3299369473129651	A
134	stapEND at 3'	0.5097301147855234	A
135	stapEND at 3'	0.4055014817358121	A
136	stapEND at 3'	0.4311032749182222	A
137	stapEND at 3'	0.076704697264499	A
138	stapEND at 3'	0.3810497168935212	A
139	stapEND at 3'	0.968587206635074	A
140	stapEND at 3'	0.538725715016498	A
141	stapEND at 3'	0.7381715986819284	A
142	stapEND at 3'	1.0834952419171824	A
143	stapEND at 3'	0.6783378558089513	A
144	stapEND at 3'	0.1982669867366942	A
145	stapEND at 3'	0.4387371704383407	A
146	stapSXEND at 5'	0.2650550705608303	A
147	stapSXEND at 5'	0.3916879288047359	A
148	stapSXEND at 5'	0.4055864106279615	A
149	stapSXEND at 5'	0.6881578520055162	A
150	stapSXEND at 5'	0.485748600491805	A
151	stapSXEND at 5'	0.5018124710721222	A
152	stapSXEND at 5'	0.394732083509832	A
153	stapSXEND at 5'	0.414863321077884	A
154	stapSXEND at 5'	0.2378607033139515	A
155	stapSXEND at 5'	0.5116612198583019	A
156	stapSXEND at 5'	0.6218928218536827	A
157	stapSXEND at 5'	0.3005475355344859	A
158	stapSXEND at 5'	0.4202881773114639	A
159	stapSXEND at 5'	0.3988110771218478	A
160	stapSXEND at 5'	0.8122884362709757	A
161	stapSXEND at 5'	0.7226011370602162	A
162	stapSXEND at 3'	0.7763810446611598	A
163	stapSXEND at 3'	0.3569408083000397	A
164	stapSXEND at 3'	0.6380529741239568	A
165	stapSXEND at 3'	-0.2784376142796316	A
166	stapSXEND at 3'	0.7686769952817856	A
167	stapSXEND at 3'	0.5689155757429835	A
168	stapSXEND at 3'	0.236870385836449	A
169	stapSXEND at 3'	0.5195870725792675	A
170	stapSXEND at 3'	0.9238044804260264	A
171	stapSXEND at 3'	0.1618735531208628	A
172	stapSXEND at 3'	0.8204797243479661	A
173	stapSXEND at 3'	0.4392074976685768	A
174	stapSXEND at 3'	0.2488707985014588	A
175	stapSXEND at 3'	0.1056160493909539	A
176	stapSXEND at 3'	0.2831923732415634	A
177	stapSXEND at 3'	0.7849284822550797	A
178	stapSXEND at 3'	0.3123719619067361	A
179	stapSXEND at 3'	0.3702427396842001	A
180	stapSXEND at 3'	0.3420736217344531	A
181	stapSXEND at 3'	0.6842068247742026	A
182	vertex at 5'	0.9819142855745334	A
183	vertex at 5'	0.2134094422231899	A
184	vertex at 5'	0.7016669385643846	A
185	vertex at 5'	0.0705618686583338	A
186	vertex at 5'	-0.033648510345697	A
187	vertex at 5'	0.7220732534063287	A
188	vertex at 5'	0.7285581352917836	A
189	vertex at 5'	0.2833619839385636	A
190	vertex at 5'	0.5938767863864391	A
191	vertex at 5'	0.1505865944513024	A
192	vertex at 5'	0.6782831939323274	A
193	vertex at 5'	0.6605928603493741	A
194	vertex at 5'	0.4123409992622452	A
195	vertex at 5'	0.5204620077118207	A
196	vertex at 5'	0.4878083449996429	A
197	vertex at 5'	0.5669812773281325	A
198	vertex at 5'	0.3342449745429247	A
199	vertex at 5'	0.178562032268161	A
200	vertex at 3'	0.5766614466487714	A
201	vertex at 3'	0.2992897894772571	A
202	vertex at 3'	0.7510811353535508	A
203	vertex at 3'	0.4748443924636172	A
204	vertex at 3'	-0.1331878739615133	A
205	vertex at 3'	0.1330748541834082	A
206	vertex at 3'	0.382904681950275	A
207	vertex at 3'	0.1977330443960961	A
208	vertex at 3'	0.1006180996469514	A
209	vertex at 3'	0.5926554125255188	A
210	vertex at 3'	0.2806049225407721	A
211	vertex at 3'	0.9957022397945104	A
212	vertex at 3'	-0.072781755725265	A
213	vertex at 3'	0.760918859593722	A
214	vertex at 3'	0.8796475149436283	A
215	vertex at 3'	0.2734766031083537	A
216	vertex at 3'	0.6782901675401336	A
217	vertex at 3'	-0.0058226958481578	A
218	vertex at 3'	0.4149438352473583	A
219	vertex at 3'	0.7079928528835134	A
220	vertex at 3'	0.6523151995753045	A
221	vertex at 3'	0.840616562814815	A
222	vertex at 3'	0.3665798896486437	A
223	vertex at 3'	0.1891156645672044	A
224	vertex at 3'	0.150600487451136	A
225	scafDX at 5'	0.4346940568860389	C
226	scafDX at 5'	0.2459494780807182	C
227	scafDX at 5'	0.1352183758528706	C
228	scafDX at 5'	0.4076703959887175	C
229	scafDX at 5'	0.2262846702522616	C
230	scafDX at 5'	0.955938815576136	C
231	scafDX at 5'	-0.0215579171390122	C
232	scafDX at 5'	0.1864912752721209	C
233	scafDX at 5'	0.4449976192652253	C
234	scafDX at 5'	-0.0909694547192272	C
235	scafDX at 5'	0.2014028401800169	C
236	scafDX at 5'	-0.4068843075968003	C
237	scafDX at 5'	0.3605803280621725	C
238	scafDX at 5'	0.5758533029883777	C
239	scafDX at 3'	0.1009370041725374	C
240	scafDX at 3'	-0.1092370794013019	C
241	scafDX at 3'	0.0972083946631488	C
242	scafDX at 3'	-0.2637152229261955	C
243	scafDX at 3'	-0.4877886574694202	C
244	scafDX at 3'	0.0987889199076002	C
245	scafDX at 3'	-0.5784410724179739	C
246	stapDX at 5'	0.2300103806230991	C
247	stapDX at 5'	0.1735837781760414	C
248	stapDX at 5'	-0.168487474889021	C
249	stapDX at 5'	-0.1747103533392957	C
250	stapDX at 5'	0.0270003409271005	C
251	stapDX at 5'	0.6013677386512442	C
252	stapDX at 5'	-0.3985073431510238	C
253	stapDX at 5'	0.0721549485312147	C
254	stapDX at 5'	0.1976031861672231	C
255	stapDX at 5'	0.2546048731779696	C
256	stapDX at 5'	0.4225147518289921	C
257	stapDX at 5'	0.2020932522946819	C
258	stapDX at 5'	0.1013390445501141	C
259	stapDX at 5'	-0.4369278614176298	C
260	stapDX at 5'	-0.4811275372433612	C
261	stapDX at 5'	-0.1694267628243142	C
262	stapDX at 5'	0.0950547559820832	C
263	stapDX at 5'	0.2855482102540778	C
264	stapDX at 5'	-0.0043170347479152	C
265	stapDX at 5'	-0.0917703733556453	C
266	stapDX at 5'	-0.1760530023460616	C
267	stapDX at 3'	-0.3138946388954947	C
268	stapDX at 3'	0.2315460231378179	C
269	stapDX at 3'	0.3303915105126583	C
270	stapDX at 3'	0.1844531500288107	C
271	stapDX at 3'	-0.129953375718789	C
272	stapDX at 3'	-0.8043289986843082	C
273	stapDX at 3'	0.0800333109147344	C
274	stapDX at 3'	0.0202054392190252	C
275	stapDX at 3'	0.1942208902556508	C
276	stapDX at 3'	-0.4893614779038245	C
277	stapDX at 3'	0.3241819842585441	C
278	stapDX at 3'	0.1289311117311009	C
279	stapDX at 3'	0.4185421530064376	C
280	stapDX at 3'	0.2883721476631195	C
281	stapDX at 3'	0.0704211330274137	C
282	stapDX at 3'	0.160741366639359	C
283	stapDX at 3'	0.1127508383476262	C
284	stapDX at 3'	0.1772625830996612	C
285	stapDX at 3'	0.5215500648515662	C
286	stapDX at 3'	-0.2300725187938973	C
287	stapDX at 3'	-0.0243947034454973	C
288	stapDX at 3'	-0.2473152564519994	C
289	stapDX at 3'	0.0059372909694113	C
290	stapDX at 3'	-0.3664012169736975	C
291	stapDX at 3'	0.4572061356477887	C
292	stapDX at 3'	-0.0053397556808893	C
293	stapDX at 3'	0.262631551460645	C
294	stapSX at 5'	0.3791031480044823	C
295	stapSX at 5'	0.0215300321708207	C
296	stapSX at 5'	-0.3494314621906071	C
297	stapSX at 5'	-0.1320879931299028	C
298	stapSX at 5'	-0.0515044190775909	C
299	stapSX at 5'	-0.3023520499022765	C
300	stapSX at 5'	-0.3781959504762803	C
301	stapSX at 5'	0.0941781980486064	C
302	stapSX at 5'	0.3871202317005734	C
303	stapSX at 5'	-0.1032369956123548	C
304	stapSX at 5'	1.0859146287065933	C
305	stapSX at 5'	0.7888927058767663	C
306	stapSX at 5'	0.2754919666914762	C
307	stapSX at 3'	0.2540900540458849	C
308	stapSX at 3'	-0.3474619858934319	C
309	stapSX at 3'	0.1428064051980668	C
310	stapSX at 3'	0.4297806348944933	C
311	stapSX at 3'	0.0790881870265626	C
312	stapSX at 3'	0.6124262609324179	C
313	stapSX at 3'	0.4112664029487153	C
314	stapSX at 3'	0.1857288829955845	C
315	stapSX at 3'	0.2265186277498414	C
316	stapSX at 3'	0.5825951890815387	C
317	stapEND at 5'	1.0503281174069814	C
318	stapEND at 5'	0.090307559642815	C
319	stapEND at 5'	0.3900561763816368	C
320	stapEND at 5'	-0.0937003926693813	C
321	stapEND at 5'	0.2932183224098199	C
322	stapEND at 5'	-0.1704380999514158	C
323	stapEND at 5'	1.0533720878543775	C
324	stapEND at 5'	0.8672710189654481	C
325	stapEND at 5'	0.5198664668340522	C
326	stapEND at 5'	1.104099809430095	C
327	stapEND at 5'	0.4351352709966199	C
328	stapEND at 5'	0.6713149102232779	C
329	stapEND at 5'	0.3944631663995297	C
330	stapEND at 5'	0.9577503679783448	C
331	stapEND at 5'	0.3312469791081867	C
332	stapEND at 3'	-0.1365783630039933	C
333	stapEND at 3'	0.1722478447225356	C
334	stapEND at 3'	0.1782028214903865	C
335	stapEND at 3'	0.4811583942254243	C
336	stapEND at 3'	0.3304396249806104	C
337	stapEND at 3'	-0.0932525413714722	C
338	stapEND at 3'	0.1182878488649377	C
339	stapEND at 3'	0.0463639972700783	C
340	stapEND at 3'	0.0851441930213014	C
341	stapEND at 3'	0.1936429564914274	C
342	stapEND at 3'	0.3107708798555646	C
343	stapEND at 3'	-0.0530988064470273	C
344	stapEND at 3'	0.9580351049771196	C
345	stapEND at 3'	0.5074020575720158	C
346	stapEND at 3'	0.4202378104757414	C
347	stapEND at 3'	0.064725329636655	C
348	stapSXEND at 5'	0.1761288570543815	C
349	stapSXEND at 5'	0.5721236223673662	C
350	stapSXEND at 5'	0.6143838710472878	C
351	stapSXEND at 5'	0.5193499256642289	C
352	stapSXEND at 5'	-0.7324028481360652	C
353	stapSXEND at 5'	0.2346678920464199	C
354	stapSXEND at 5'	0.6266165865399197	C
355	stapSXEND at 5'	0.2921521723709173	C
356	stapSXEND at 5'	0.4294997796013362	C
357	stapSXEND at 5'	0.323274087065358	C
358	stapSXEND at 5'	0.1581183909955537	C
359	stapSXEND at 5'	0.2737675721449446	C
360	stapSXEND at 5'	-0.1363241321841937	C
361	stapSXEND at 5'	0.4758378172701032	C
362	stapSXEND at 5'	0.1220911537264159	C
363	stapSXEND at 5'	0.2417159944479993	C
364	stapSXEND at 3'	0.1528704904288992	C
365	stapSXEND at 3'	0.1572383730884515	C
366	stapSXEND at 3'	0.0585178038326152	C
367	stapSXEND at 3'	0.0605842701639228	C
368	stapSXEND at 3'	0.3898074438199054	C
369	stapSXEND at 3'	0.1691691963668432	C
370	stapSXEND at 3'	0.0551083876294999	C
371	stapSXEND at 3'	-0.0345982528235001	C
372	stapSXEND at 3'	0.1792533162978627	C
373	stapSXEND at 3'	0.5003587577383805	C
374	vertex at 5'	0.7390872275440014	C
375	vertex at 5'	0.6418640623832106	C
376	vertex at 5'	-0.0311935201829438	C
377	vertex at 5'	0.6344045475087905	C
378	vertex at 5'	0.3046900824763664	C
379	vertex at 5'	0.7240859708439926	C
380	vertex at 5'	0.7470158414581494	C
381	vertex at 5'	0.841012882926598	C
382	vertex at 5'	0.8214180295570717	C
383	vertex at 5'	-0.0227298983509773	C
384	vertex at 5'	0.3650454024728002	C
385	vertex at 5'	0.5816873707941422	C
386	vertex at 5'	0.3887821147082874	C
387	vertex at 5'	0.4900670933438697	C
388	vertex at 5'	0.2850679771343648	C
389	vertex at 5'	0.9460423553750256	C
390	vertex at 5'	0.2557577466229853	C
391	vertex at 5'	0.4983743125449988	C
392	vertex at 5'	0.2906137553698049	C
393	vertex at 5'	0.0112011350257239	C
394	vertex at 5'	0.3740549341319239	C
395	vertex at 5'	-0.1319704229385573	C
396	vertex at 5'	1.023345935021456	C
397	vertex at 5'	0.9028820911015288	C
398	vertex at 5'	0.3182945415123183	C
399	vertex at 5'	0.639616816715302	C
400	vertex at 5'	0.8378908794234845	C
401	vertex at 5'	0.939585147165178	C
402	vertex at 3'	0.0379497390251905	C
403	vertex at 3'	0.3213685706971431	C
404	vertex at 3'	0.3104485048241786	C
405	vertex at 3'	0.3465919001503109	C
406	vertex at 3'	0.5317131676971787	C
407	vertex at 3'	0.2122030051905657	C
408	vertex at 3'	0.2496249029961034	C
409	vertex at 3'	-0.0456571800204663	C
410	vertex at 3'	0.4116383056969278	C
411	vertex at 3'	0.6039387014613182	C
412	vertex at 3'	0.5980011348510949	C
413	vertex at 3'	0.554672876033779	C
414	vertex at 3'	0.4263245655424152	C
415	vertex at 3'	0.8529743828305242	C
416	vertex at 3'	0.5116225975805748	C
417	vertex at 3'	0.4584359647570941	C
418	vertex at 3'	0.9468521361985636	C
419	vertex at 3'	0.5299839259553042	C
420	vertex at 3'	0.8887625410690884	C
421	vertex at 3'	0.7791939747306587	C
422	vertex at 3'	0.9630791606418272	C
423	vertex at 3'	0.1851709169075996	C
424	vertex at 3'	0.627064333894077	C
425	vertex at 3'	0.3494163018682105	C
426	vertex at 3'	0.3208359643087446	C
