Position	rT66v1	rT66v2	rT66v2-10	EGFP
31	0.002379978362994873	0.003497636499610183	0.004010887020762657	0.003987469752818152
32	0.004281374120387516	0.0031152582327717707	0.001721845438206191	0.004770722739978861
33	0.0032466009190853973	0.0023392552794820514	0.0011546492938559164	0.005810313068392165
34	0.06168541746262255	0.01295587539405444	0.013298723884498405	0.10562522555947226
36	0.06229334671838754	0.0011696276397410257	0.0015294038892302052	0.0629308172775122
37	0.008200577620319291	0.002328008859869157	0.0022890415825564656	0.07059245558828421
42	0.007308085734196212	0.005240831539608828	0.004193200067160959	0.009769300894404472
44	0.01346498628194382	0.017364471882309076	0.014017847567513933	0.08004845528782441
46	0.005484297966901228	0.004858453272770415	0.0036260039228106847	0.004300770947682436
50	0.02197599586265375	0.020907094060370834	0.017704622505790718	0.025704938942274158
51	0.003233666254069121	0.003711318472255178	0.0013470908428319026	0.014782120012233007
54	0.004384851440517728	0.0039025076056743843	0.002106728536158163	0.015394481438558651
56	0.017319516456794214	0.016712179544761195	0.015678921990254023	0.0620906004367398
57	0.005988749902536011	0.0013720631927731264	0.002319427090289516	0.10051271969782329
60	0.003000842283776144	0.00971690654554083	0.01115148133802951	0.09129881637613275
61	0.006195704542796435	0.007973711505542186	0.011505978928248431	0.09176876816842919
62	0.015275839384222526	0.006039327332124335	0.0067455827167371965	0.09176876816842919
63	0.002082481067620514	0.003126504652384665	0.0017421024433615581	0.10199377989172717
66	0.002755083648466891	0.0021480661460628455	0.0013470908428319026	0.006721734726179171
67	0.0018367224323112606	0.001383309612386021	0.0009723362474576138	0.012945035733256073
68	0.012236193105397553	0.017207022007728553	0.01823130463983026	0.10414416536556838
69	0.0013969438217578602	0.003002794036642826	0.001975058002648278	0.10160927387984826
70	0.007864276329896102	0.010920273444120538	0.011313537379272444	0.09189693683905549
71	0.01402117687764371	0.021413182942951088	0.016479073693891018	0.11107951454279139
75	0.003919203499931774	0.010515402338056338	0.008659869703919373	0.006109373299853526
76	0.019802972139919297	0.02774491718501068	0.029879082604166256	0.016661927181418706
78	0.004837564716087405	0.01423796722992441	0.016985498822775193	0.03147252912045756
83	0.0020436770725716846	0.00615179152825328	0.007555862922951874	0.06194819080271057
84	0.005911141912438353	0.006747851767736688	0.004365384610981579	0.07127602183162446
87	0.004358982110485175	0.002732879965933358	0.001721845438206191	0.018470529533589797
89	0.013154554321553184	0.017060818552760922	0.014878770286617028	0.021275999323965424
93	0.0038933341698992215	0.002507951573675469	0.0028562377269067407	0.013742529683819704
95	0.014965407423831891	0.011302651710958952	0.012822684263347282	0.04840503460653178
99	0.004591806080778152	0.0034863900799972885	0.004000758518184974	0.005126746825051909
101	0.019815906804935574	0.014620345496762822	0.01421028911648992	0.09260898500920159
104	0.005393755311787294	0.0035763614369004443	0.0035348473996115338	0.00867274671237948
105	0.0030137769487924206	0.0011808740593539202	0.0017522309459392417	0.0017943613887681684
106	0.022596859783435015	0.02579928659197993	0.025452926977718577	0.09132729830293862
107	0.0016297677920508369	0.0021705589852886345	0.0033221488454801807	0.13037601995375067
108	0.0025610636732227438	0.000989684925934714	0.001762359448516925	0.07120481701460986
110	0.00842046692559599	0.005387034994576456	0.005307335350706142	0.06723158822519464
111	0.004333112780452622	0.0032839545269651876	0.003605746917655318	0.09196814165607009
114	0.0018367224323112606	0.004453582166706213	0.002886623234639791	0.020749083678057313
115	0.007295151069179937	0.006759098187349582	0.011819962508156617	0.06211908236354564
116	0.006609613823317283	0.005611963386834344	0.008609227191030957	0.052919420005258046
118	0.00187552642736009	0.001990616271482323	0.0025726396547316034	0.04292226369640682
121	0.0322849238806261	0.030545275668621405	0.032380822740854076	0.040344649320477946
122	0.0018625917623438138	0.001619484424256805	0.0020257005155366954	0.040045589089016585
123	0.0027938876435157204	0.012798425519473916	0.012458058170550677	0.030148119523985818
124	0.0014098784867741367	0.018770274333920884	0.03432549523576931	0.07000857608876442
127	0.01562507533966199	0.016959600776244872	0.015648536482520972	0.06626320271379593
128	0.020126338765326206	0.016880875838954614	0.01965942350328363	0.058957588488096964
132	0.006221573872828988	0.009705660125927936	0.007879975005437745	0.01105098760066745
133	0.02048850938578195	0.02862213791481645	0.03304930391098119	0.030803203840520224
135	0.003233666254069121	0.011178941095217112	0.014655943229907993	0.01617773442571936
138	0.002535194343190191	0.011077723318701061	0.012214974108686273	0.06176305827847259
139	0.014486824818229662	0.015340116351988068	0.019507495964618378	0.08810884057387824
140	0.003492359554394651	0.008907164333412427	0.011819962508156617	0.0739533229513738
141	0.0011641198514648835	0.0045210606843835805	0.003068936281038094	0.06459700999565406
142	0.014965407423831891	0.023021420947594996	0.02198897909615083	0.08578756353920196
143	0.0032207315890528444	0.011370130228636317	0.008862439755473043	0.13030481513673603
144	0.0018367224323112606	0.013180803786312329	0.011435079410204645	0.06284537149709467
147	0.0032466009190853973	0.012033668985797092	0.015395323918078886	0.030504143609058867
148	0.012714775710999783	0.018635317298566153	0.01802873458827659	0.051367154994339546
149	0.01885874159373111	0.023302581437917358	0.020915357822916383	0.07909431073982863
151	0.006958849778756748	0.006556662634317482	0.006644297690960361	0.040045589089016585
154	0.002509325013157638	0.0021255733068370566	0.0013268338376765355	0.0069353491772230005
155	0.0020436770725716846	0.0026878942874817807	0.002076343028425113	0.0030190842414194578
156	0.004540067420713046	0.0030702725543201924	0.0015091468840748381	0.02302763782252483
160	0.0027162796534180612	0.003452650821158605	0.0015091468840748381	0.011563662283172642
161	0.0020436770725716846	0.0030702725543201924	0.001883901479449127	0.006735975689582093
162	0.0015909637970020075	0.0009559456670960307	0.0011343922887005495	0.009712337040792784
166	0.0027162796534180612	0.0025304444129012576	0.0022991700851341494	0.002007975839811998
167	0.002483455683125085	0.0039137540252872785	0.0021168570387358468	0.014910288682859305
168	0.005199735336543146	0.0025529372521270466	0.0	0.057291395769955095
169	0.10488719861698599	0.01346196427663469	0.016590487222245535	0.05818857646433918
170	0.0044624594306153864	0.006849069544252738	0.003666517933121419	0.06478214251989205
171	0.0014874864768717956	0.004509814264770685	0.00462872567800135	0.060552576389224226
172	0.001979003747490302	0.0025529372521270466	0.0019345439923375443	0.06693252799373327
174	0.0018108531022787077	0.0038462755076099117	0.00302842227072736	0.06378527508168752
178	0.024226627575485854	0.017994271380631168	0.019011199338311885	0.017573348839205714
179	0.0018625917623438138	0.010178009749669504	0.00492245225275417	0.00858730093196195
180	0.0032595355841016737	0.005015903147350938	0.009622077448799303	0.005796072104989242
181	0.009739802757256192	0.02375243822243314	0.0175324379619701	0.07828257582586208
182	0.001603898462018284	0.002181805404901529	0.0019446724949152277	0.12543440565293673
183	0.00045271327556967693	0.001574498745805227	0.0007697661959039443	0.051253227287116176
184	0.0011641198514648835	0.0028116049032236197	0.00019244154897598607	0.023996023333923523
187	0.03291872246642365	0.0268901892944307	0.02641513472259851	0.02232983061578165
188	0.0018625917623438138	0.0017769342988373277	0.002137114043891214	0.014183999549310284
189	0.002806822308531997	0.0005960602394834073	0.0009723362474576138	0.003617204704342181
191	0.005005715361298999	0.007681304595606929	0.005661832940925064	0.06919684117479787
192	0.0022765010428646613	0.0030927653935459818	0.0015192753866525217	0.019481637935197256
195	0.00452713275569677	0.0032614616877393986	0.00489206674502112	0.005226433568872364
199	0.002742148983450614	0.005240831539608828	0.008801668740006941	0.09830537037037036
200	0.013141619656536908	0.018050503478695638	0.01782616453672292	0.10014245464934729
204	0.005678317942145376	0.02741877101623674	0.025645368526694565	0.0018513252423798562
207	0.006726025808463771	0.0032052295896749265	0.0029777797578389425	0.001495301157306807
208	0.03498826886902789	0.020029873330565065	0.024278020678707296	0.01097978278365284
210	0.039605944279838594	0.002935315518965459	0.0033018918403248136	0.0067074937627762485
211	0.0038415955098341156	0.002350501699094946	0.002521997141843186	0.03328113147262864
213	0.002599867668271573	0.0015632523261923325	0.002319427090289516	0.13917693533675643
215	0.015030080748913275	0.015958669430697264	0.021573710490465806	0.05800344394010119
216	0.0016168331270345604	0.0015632523261923325	0.0013572193454095861	0.011606385173381405
217	0.002522259678173914	0.001360816773160232	0.0013470908428319026	0.005468529946722037
218	0.0027938876435157204	0.0021930518245144234	0.0013876048531426364	0.014326409183339503
219	0.0020695464026042375	0.0009784385063218196	0.0019345439923375443	0.005084023934843144
221	0.020423836060700567	0.02613667918036677	0.02609102264011264	0.08702652735525616
222	0.0006208639207812713	0.000989684925934714	0.0009824647500352973	0.11009688806798977
223	0.0034664902243620975	0.002024355530321006	0.002633410670197704	0.09537173190936844
224	0.3382156208455975	0.008637250262702961	0.006654426193538045	0.07450872052408776
225	0.01658224055086645	0.002957808358191248	0.003747545953742887	0.12245804430172604
226	0.014874864768717955	0.023100145884885258	0.03770841509671559	0.05687840783127036
229	0.011085007918948946	0.013990545998440731	0.011283151871539394	0.04493023953621882
230	0.014266935512952961	0.009975574196637402	0.012296002129307742	0.0946312018124165
232	0.003026711613808697	0.0017769342988373277	0.0025321256444208696	0.05595274521008042
233	0.009545782782012045	0.010402938141927392	0.009065009807026712	0.08664202134337727
235	0.0038157261798015627	0.003081518973933087	0.004334999103248529	0.034676745886115
236	0.05067801753377126	0.0598871844386631	0.07866807952086757	0.06177729924187551
237	0.006493201838170795	0.011943697628893937	0.05927199708460371	0.033466263996866634
239	0.024110215590339365	0.037585534346293345	0.03093244687224534	0.1275420682365692
240	0.0013840091567415838	0.004599785621673842	0.017907192557344388	0.0016804336815447927
243	0.0024963903481413615	0.004431089327480425	0.05853261639643282	0.02579038472269169
246	0.0011511851864486069	0.005094628084641199	0.04508196497326916	0.08117349139665524
247	0.012960534346309036	0.010492909498830548	0.021087542366737003	0.014525782670980413
248	0.006868307123642812	0.013012107492118912	0.015263653384569	0.008715469602588247
251	0.0022765010428646613	0.002328008859869157	0.003980501513029607	0.0072486503720872834
252	0.0022765010428646613	0.003081518973933087	0.04111159196281724	0.10093994859991093
254	0.002742148983450614	0.002541690832514152	0.0024308406186440345	0.11150674344487903
255	0.0018237877672949842	0.002541690832514152	0.0016205604124293566	0.07939337097129
256	0.008407532260579715	0.017713110890308803	0.029808183086122476	0.03379380615513384
259	0.0018237877672949842	0.0029240690993525644	0.026658218784462912	0.0011392770722337578
260	0.0011382505214323306	0.0017431950399986443	0.006735454214159512	0.0012247228526512896
261	0.0013840091567415838	0.0021593125656757402	0.026668347287040595	0.0022785541444675156
263	0.010037300052630552	0.010672852212636861	0.10265237362482205	0.14235267017560801
264	0.00867916022592152	0.012382307993796821	0.09132870774297192	0.15928517566168227
267	0.0011511851864486069	0.000776002953289719	0.006441727639406692	0.003061807131628224
269	0.008614486900840138	0.007670058175994034	0.022738488286899408	0.27087736488697883
270	0.0018237877672949842	0.0019343841734178503	0.029352400470126716	0.015052698316888524
273	0.0016168331270345604	0.002328008859869157	0.061176155569208204	0.0024067228150938132
274	0.0020695464026042375	0.0029128226797396697	0.05650691588089612	0.003574481814133415
275	0.020139273430342487	0.014024285257279416	0.09363800633068375	0.108957610995756
278	0.012908795686243929	0.015902437332632795	0.08705447965518949	0.11236120124905435
280	0.005225604666575699	0.0021593125656757402	0.00375767445632057	0.02261464988384009
282	0.013853026232432114	0.0033064473661909765	0.00462872567800135	0.011392770722337577
283	0.03652749400596479	0.01356318205315074	0.018271818650140995	0.011948168295051534
284	0.005458428636868675	0.0015857451654181216	0.0029473942501058916	0.004201084203861982
285	0.0021471543927018963	0.0023842409579336293	0.0011850348015889668	0.00484192755699347
286	0.01173174116976277	0.021750575531337923	0.02155345348531044	0.022514963140019637
288	0.004139092805208475	0.0005848138198705128	0.0015395323918078886	0.07883797339857604
291	0.007049392433870683	0.0009559456670960307	0.0009419507397245635	0.03715467351822342
294	0.003233666254069121	0.001360816773160232	0.0025017401366878187	0.07469385304832574
295	0.012339670425527765	0.012348568734958138	0.00934860787920185	0.07410997354880594
296	0.010619359978362993	0.008805946556896376	0.012559343196327512	0.08429226238189515
299	0.012714775710999783	0.013743124766957054	0.016408174175847234	0.018242674119143047
300	0.0011641198514648835	0.0022380375029660013	0.002035829018114379	0.012503565867765491
302	0.017862772387477823	0.051013759364089355	0.06064947343516867	0.11475368310074524
303	0.0029879076187598677	0.0054320206730280336	0.003605746917655318	0.09296500909427464
306	0.0013840091567415838	0.002744126385546253	0.0021168570387358468	0.01126460205171128
307	0.00710113109393579	0.007760029532897191	0.006887381752824764	0.09886076794308432
308	0.01522410072415742	0.012089901083861564	0.014281188634533704	0.0729849374399751
309	0.0012158585115299894	0.003047779715094404	0.001610431909851673	0.10572491230329271
311	0.057067742051811844	0.04617779893054473	0.04427168476705448	0.06931076888202123
312	0.007696125684684508	0.0018331663969018	0.0026030251624646534	0.1170607191720186
313	0.0102313200278747	0.010346706043862921	0.00952079242302247	0.08504703344225002
314	0.012171519780316171	0.010560388016507917	0.010938782783898156	0.07430934703644684
316	0.022642131110991982	0.027272567561269112	0.023776659801111967	0.1037026955000778
317	0.001416345819282275	0.0018725288655469306	0.0009368864884357217	0.10185137025769794
318	0.0030913849388900794	0.0015070202281278603	0.001301512581232327	0.0825691058101416
319	0.002004873077522855	0.0018444128165146945	0.0023143628390006744	0.034064384459789356
321	0.0029361689586947614	0.003047779715094404	0.0030638720297492517	0.010253493650103819
323	0.0012481951740706805	0.001147134800515237	0.0018180662126941842	0.002015096321513459
324	0.002599867668271573	0.0025866765109657302	0.001666138674028932	0.0028909155707931605
326	0.01810206369027894	0.008699105570573878	0.009399250392090268	0.057917998159683654
331	0.012042173130153405	0.012410424042829058	0.011647777964336	0.05964115473143722
332	0.010380068675561878	0.009418876425799126	0.009652462956532354	0.04815581774698065
336	0.060889935564121554	0.005364542155350666	0.006193579326253447	0.08455572020484921
338	0.0413327220595115	0.014659707965407952	0.014843320527595136	0.08327403349858623
342	0.02165262923724683	0.00680408386580116	0.004471733888047255	0.005746228733079015
344	0.03909502501169567	0.05207092280770143	0.05750963763608678	0.03555968561709616
345	0.002968505621235453	0.016144235354310026	0.023979229852665634	0.001523783084112651
346	0.008174708290286737	0.014339185006440462	0.014817999271150928	0.007455144341429652
347	0.0019401997524414725	0.014957738085149658	0.014752164004395985	0.0033039035094778973
348	0.0046952834009083635	0.010312966785024236	0.013450651423163658	0.003054686649926763
349	0.024187823580437025	0.004408596488254635	0.0036209396715218434	0.0014739397122024238
355	0.01019251603282587	0.01289402008618352	0.014969926809816179	0.012147541782692442
356	0.010457676665659537	0.009042121368767161	0.00978413349004224	0.008345204554112277
357	0.0022182950502914168	0.0025979229305786245	0.0011698420477224416	0.007234409408684362
358	0.053588317162433466	0.0019400073832242977	0.0016205604124293566	0.049188287593692495
360	0.029633317552289422	0.0032614616877393986	0.002603025162464654	0.00700655399423761
361	0.06740253939981676	0.03246279021261991	0.028673790797421928	0.07329111815313792
363	0.07492404710678154	0.005403904623995797	0.0027043101882414885	0.04168329988035261
365	0.12510408003742615	0.01830354791998576	0.018064184347298482	0.027107673837461974
367	0.0036217062045574154	0.003683202423222942	0.002542254146998553	0.004087156496638606
370	0.013523192274517062	0.011966190468119725	0.013303788135787248	0.1404443810796165
371	0.008879647533673806	0.013152687737280094	0.0140988755881354	0.19593429497910198
375	0.0021859583877507256	0.0029971708268363784	0.002228270567090365	0.004841927556993471
376	0.04675234670133135	0.012005552936764858	0.017456474192637475	0.015301915176439657
378	0.005969347905011598	0.0038856379762550425	0.003423433871257016	0.09235264766794897
380	0.038881603038927105	0.02316200119275618	0.022551110989212263	0.0254414811193201
381	0.003673444864622521	0.0013327007241279957	0.0009470149910134052	0.007241529890385822
384	0.0020242750750472695	0.0034695204505779467	0.002228270567090365	0.07638852769327345
385	0.022939628406366343	0.019602509385275076	0.01997340708319182	0.025035613662336823
386	0.02766078113730726	0.024393484140368127	0.02113312062833658	0.028403601507127868
389	0.021199915961677158	0.018595954829921022	0.020677338012340823	0.020051276471314133
392	0.021594423244673592	0.018893984949662723	0.019178319630843665	0.1126816229256201
393	0.004216700795306134	0.004802221174705942	0.00337785560965744	0.09537173190936844
396	0.00367991219713066	0.003711318472255178	0.0028359807217513736	0.02620337266137643
397	0.016161863937837466	0.010431054190959629	0.012599857206638245	0.08642840689233344
398	0.02809409241535252	0.013821849704247314	0.011875669272333876	0.09805615351081924
399	0.009015461516344709	0.001175250849547473	0.0015243396379413631	0.054493046461280926
400	0.010903922608721075	0.0394243239530016	0.04214976347702979	0.05454288983319115
402	0.0016297677920508369	0.0009503224572895836	0.0016205604124293563	0.05302622723077997
403	0.0025093250131576375	0.0006804083865801161	0.0011394565399893912	0.057141865654224404
409	0.0015198231394124868	0.0014507881300633877	0.002030764766825537	0.056814323495957206
410	0.01636235124558975	0.014530374139859668	0.012751784745303498	0.09399747894098646
411	0.002321772370421629	0.0014451649202569406	0.0022586560748234156	0.09058676820598666
412	0.005820599257324417	0.03743933089132572	0.025716268044738352	0.1196169721028431
413	0.012682439048459093	0.007051505097284838	0.007910360513170796	0.11206214101759301
415	0.0026322043308122643	0.0021930518245144234	0.0011141352835451824	0.002007975839811998
419	0.01585789930995497	0.06559474239220706	0.05836043185261219	0.013692686311909476
422	0.01118848523907916	0.04378793476280465	0.03820977597431092	0.00858730093196195
423	0.012346137758035903	0.09504349214857125	0.07244917893816992	0.019659649977733784
424	0.011835218489892982	0.06757973545388293	0.062421961386263276	0.10057680403313642
425	0.01548279402448295	0.048826330749381384	0.04248400406209334	0.09713761137133076
426	0.010089038712695656	0.0039193772350937265	0.0033930483635239645	0.11426236986334444
428	0.055470310922301695	0.01652099041134199	0.013481036930896707	0.08817292490919139
429	0.006952382446248609	0.0024573426854174437	0.00201050776167017	0.10858022546557858
430	0.008265250945400673	0.012989614652893123	0.009216937345691964	0.0869838044650474
431	0.011233756566636126	0.012961498603860887	0.01147052916922654	0.09691687643858549
432	0.002444651688076255	0.003216476009287821	0.0028005309627294815	0.1274851043829575
433	0.012591896393345157	0.03151246775533033	0.031661699057838555	0.1010396353437314
435	0.003550565546967895	0.0013551935633537846	0.0018737729768714432	0.007063517847849298
436	0.0031883949265121532	0.003148997491610454	0.002749888449841064	0.015771866968736087
437	0.01596137663008518	0.029038255440493543	0.028597827028089298	0.08998864774306393
438	0.0017267777796729105	0.00242360342657876	0.0025675754034427613	0.1227927069416947
439	0.00680363379856143	0.00778252237212298	0.00792555326703732	0.07435919040835708
440	0.012139183117775482	0.00841232187044507	0.008690255211652424	0.10996159891566201
441	0.002968505621235453	0.002744126385546253	0.0011799705503001252	0.03352322785047832
444	0.0017267777796729105	0.0017994271380631164	0.0032107353171256623	0.00816719251157575
446	0.0054454939718524	0.012961498603860887	0.011698420477224417	0.07064229896019444
448	0.009222416156605132	0.013580051682570081	0.01438753791159938	0.07104816641717772
450	0.004093821477651507	0.002462965895223891	0.001276191324788118	0.08315298530966139
451	0.01360726759712286	0.012787179099861023	0.007809075487393961	0.084320744308701
455	0.00213421972768562	0.0030196636660621673	0.0034082411173904903	0.013763891128924085
456	0.0027162796534180612	0.003008417246449273	0.002451097623799401	0.014497300744174567
458	0.018768198938617177	0.020772137025016103	0.027904024601517977	0.08105956368943186
459	0.0027227469859262	0.0019006449145791671	0.0014534401198975791	0.06556539550705276
460	0.008116502297713492	0.005696311533931054	0.0059656880182555674	0.07710057586341956
461	0.012029238465137128	0.011043984059862379	0.013648157223428487	0.12467963459258187
463	0.0013581398267090306	0.006871562383478527	0.00512502230430784	0.09052268387067351
464	0.024866893493791536	0.04810655989415613	0.07134010790591357	0.12202369491793694
466	0.007573246367029881	0.014294199327988881	0.013288595381920723	0.07183141940433842
467	0.008161773625270461	0.01199992972695841	0.013263274125476513	0.08482629850950472
469	0.014072915537708815	0.010700968261669098	0.012169395847086699	0.06867704601059121
470	0.00934529547425976	0.012252974168248535	0.012665692473393187	0.0736613832016139
471	0.0034664902243620975	0.0036775792134164944	0.0028309164704625315	0.03491172178226322
474	0.3600493353930722	0.00399247896257754	0.002451097623799401	0.017017951266491756
475	0.012947599681292759	0.012292336636893665	0.012144074590642491	0.08426378045508931
477	0.007825472334847271	0.004386103649028847	0.007373549876553572	0.02325549323697158
478	0.01849657097327537	0.006545416214704587	0.004213457072316326	0.020037035507911215
479	0.02868908700610124	0.005049642406189621	0.0062290290852753385	0.029962986999747827
484	0.003802791514785286	0.0046672641393512085	0.005165536314618574	0.0036884095213567903
485	0.0027162796534180612	0.007175215713026678	0.005854274489901051	0.012845348989435618
486	0.0016427024570671135	0.00035988542761262337	0.00034436908764123826	0.007419541932922348
489	0.0021859583877507256	0.0021593125656757402	0.0017319739407838746	0.010452867137744728
490	0.005471363301884953	0.004003725382190434	0.004881938242443436	0.02359727635864171
491	0.006014619232568564	0.00798495792515508	0.007657147948728709	0.030974095401355286
493	0.0038415955098341156	0.01230358305650656	0.009743619479731505	0.010737686405803167
495	0.0032724702491179506	0.0014507881300633877	0.0017319739407838746	0.03342354110665787
496	0.001099446526383501	0.0018219199772889056	0.0020864715310027968	0.012318433343527505
498	0.0028714956336133796	0.0026878942874817807	0.0029473942501058916	0.006878385323611312
499	0.0023023703728972137	0.004633524880512526	0.004365384610981579	0.010424385210938884
500	0.0063509205229917536	0.0015632523261923325	0.00515540781204089	0.016775854888642083
501	0.06453104376620337	0.07319169884071727	0.07266187749230127	0.2744233647743064
502	0.004643544740843258	0.007827508050574557	0.09032598598778124	0.05922816679275248
503	0.007527975039472913	0.010504155918443442	0.08839144199544371	0.0709769616001631
504	0.0005820599257324418	0.003148997491610454	0.04840411381874934	0.11649108063590173
505	0.008769702881035455	0.010976505542185011	0.054704042422068465	0.041256070978264954
507	0.002780952978499444	0.008828439396122165	0.00605684454145472	0.0653945039462177
509	0.027460293829554974	0.021188254550693196	0.01742102443361558	0.06599262440914042
512	0.014978342088848167	0.01785931434527643	0.012214974108686273	0.03359443266749293
513	0.0032983395791505036	0.0029128226797396697	0.0020966000335804797	0.01213330081928952
516	0.0038415955098341156	0.004701003398189892	0.0093789933869349	0.0027912288269727062
517	0.010347732013021187	0.009705660125927936	0.06603783680649626	0.011022505673861607
519	0.003285404914134227	0.003250215268126505	0.1088712742075197	0.010111084016074601
523	0.001099446526383501	0.0025304444129012576	0.0024308406186440345	0.044189709439266874
524	0.016827999186175707	0.01325952872360259	0.013055639822634003	0.05739108251377555
526	0.00165563712208339	0.002181805404901529	0.0010533642680790815	0.05410141996770058
528	0.0016297677920508369	0.0035988542761262333	0.007930617518326162	0.012289951416721663
530	0.00165563712208339	0.004397350068641742	0.0052972068481284594	0.0027912288269727062
531	0.00165563712208339	0.0029465619385783534	0.0003544975902189217	0.0
533	0.01935025886434962	0.024832094505271008	0.024237506668396563	0.021048143909518674
534	0.0016815064521159427	0.0022267910833531066	0.0025017401366878187	0.06415554013016349
535	0.0005561905956998887	0.0011133955416765533	0.0010736212732344486	0.07201655192857641
536	0.02052731338083078	0.01584620523456832	0.017390638925882534	0.07937913000788707
537	0.0011123811913997775	0.0014620345496762822	0.0024713546289547683	0.023896336590103068
539	0.008407532260579715	0.007118983614962205	0.006897510255402448	0.03090289058434068
540	0.0016685717870996662	0.0014845273889020712	0.003220863819703346	0.01972373431304693
541	0.002224762382799555	0.0025979229305786245	0.0025118686392655025	0.011221879161502513
542	0.019324389534317067	0.03306447366190977	0.034761020846609696	0.05908575715872326
544	0.005587775287031441	0.002609169350191519	0.0018231304639830259	0.065337540092606
545	0.00732102039921249	0.007107737195349311	0.01237703014992921	0.049857612873629824
547	0.011123811913997776	0.008052436442832447	0.015567508461899505	0.08728286469650876
548	0.013283900971715949	0.00949197815328294	0.01100968230194194	0.06179154020527843
549	0.0	0.0003711318472255178	0.0	0.07655941925410853
550	0.008860245536149391	0.009098353466831634	0.008811797242584626	0.033053276058181896
551	0.0005561905956998887	0.0010909027024507646	0.00139773335572032	0.028709782220290695
552	0.0016427024570671135	0.0007197708552252467	0.0010432357655013984	0.015764746487034624
553	0.0016685717870996662	0.0018444128165146945	0.0007089951804378434	0.02772715574548908
554	0.0027680183134831675	0.0018331663969018	0.0017522309459392417	0.03125891466941373
555	0.0	0.0	0.00069886667786016	0.029877541219330294
556	0.023398809014444157	0.024011105873529715	0.018241433142407944	0.10066937029525543
558	0.0011123811913997775	0.0011021491220636588	0.0020966000335804797	0.008003421432442148
561	0.003828660844817839	0.002890329840513881	0.002420712116066351	0.007775566017995396
563	0.009791541417321298	0.008254871995864548	0.008588970185875589	0.033252649545822806
564	0.0016427024570671135	0.003250215268126505	0.0006887381752824765	0.05388780551665674
567	0.001099446526383501	0.0032614616877393986	0.0013876048531426364	0.016476794657180723
568	0.013051077001422972	0.009705660125927936	0.012042789564865654	0.0515950104087863
569	0.001099446526383501	0.00035988542761262337	0.00069886667786016	0.11152098440828197
570	0.002742148983450614	0.0039699861233517516	0.0027752097062852727	0.05753349214780476
574	0.004346047445468898	0.003216476009287821	0.0010331072629237148	0.005482770910124959
577	0.0038157261798015627	0.0028678370012880923	0.002410583613488668	0.006436915458120731
580	0.0027292143184343377	0.0021480661460628455	0.0027448241985522227	0.008273999737097665
581	0.003854530174850392	0.0010909027024507646	0.00069886667786016	0.0019652529496032318
582	0.0005561905956998887	0.0018219199772889056	0.00069886667786016	0.006408433531314887
584	0.020281554745521527	0.017296993364631707	0.016651258237711637	0.10598124964454532
585	0.0029361689586947614	0.0018669056557404835	0.0025118686392655025	0.13477647764525355
586	0.03607478073039511	0.017308239784244603	0.016327146155225764	0.056693275307032366
587	0.04606034212296056	0.013484457115860481	0.015253524881991318	0.05629452833175056
588	0.0029361689586947614	0.001124641961289448	0.0014483758686087372	0.1026061413180528
589	0.0017591144422136019	0.0022380375029660013	0.0018130019614053423	0.052563395920184997
590	0.017668752412233677	0.015430087708891224	0.021918079578107045	0.08688411772122695
591	0.003350078239215609	0.0022042982441273177	0.0024916116341101354	0.07617491324222964
593	0.013801287572367009	0.014721563273278872	0.012549214693749828	0.03076048095031146
594	0.0032983395791505036	0.0018331663969018	0.002481483131532452	0.02052122826361056
595	0.0005561905956998887	0.01580121955611674	0.020408932694032208	0.008003421432442148
598	0.01916917355412175	0.01722951484695434	0.013450651423163658	0.257704473739276
600	0.0044365901005828335	0.0025754300913528355	0.0035145903944561667	0.012959276696658995
601	0.008847310871133114	0.012438540091861294	0.010138631080261161	0.025334673893798187
602	0.0011123811913997775	0.004408596488254635	0.0021168570387358468	0.037396769896073094
603	0.0011123811913997775	0.0029465619385783534	0.0003544975902189217	0.038436360224486404
604	0.001099446526383501	0.0011021491220636588	0.0021168570387358468	0.049401902044736316
605	0.01312868499152063	0.015115187959730181	0.01549660894385572	0.11741674325709164
608	0.009468174791914386	0.0014507881300633877	0.0010533642680790815	0.002976361351210692
609	0.014836060773669125	0.0014395417104504935	0.0027752097062852727	0.0054970118735278815
611	0.0077737336747821665	0.0025304444129012576	0.006593655178071944	0.0009399035845928501
612	0.0011123811913997775	0.004329871550964375	0.005206050324929307	0.004642554069352563
613	0.006674287148398665	0.007557593979865091	0.005449134386793711	0.022984914932316063
616	0.024330104895616066	0.06331734242059592	0.05315438152768289	0.00938479488252558
618	0.0069459151137404715	0.10327587130521	0.07930617518326162	0.12466539362917894
619	0.01382715690239956	0.036235963992746006	0.03207696766352357	0.06733127496901509
620	0.027550836484668908	0.044580807345513715	0.04077735137775368	0.06862720263868098
621	0.0231013117190698	0.061394204666790964	0.039622702083897766	0.1198377070355884
623	0.03287991847137482	0.035752367949391545	0.04085837939837515	0.014596987487995022
624	0.003983876825013157	0.000776002953289719	0.0007393806881708938	0.009057252724258374
625	0.002806822308531997	0.0011133955416765533	0.0017927449562499757	0.0049416143008139245
626	0.0034147515642969917	0.002249283922578896	0.0010938782783898155	0.016576481401001174
627	0.0033371435741993325	0.0014620345496762822	0.002106728536158163	0.006835662433402546
628	0.0044365901005828335	0.005083381665028304	0.004547697657379881	0.08558819005156106
629	0.016168331270345605	0.013923067480763366	0.013774763505649528	0.0889205754878448
630	0.006169835212763882	0.0022155446637402124	0.0025017401366878187	0.14081464612809244
632	0.020811876011188862	0.019220131118436665	0.021907951075529362	0.10545433399863721
634	0.013917699557513496	0.010672852212636861	0.006016330531143986	0.07416693740241763
635	0.012818253031129996	0.013214543045151014	0.01021965910088263	0.08009117817803317
637	0.0016685717870996662	0.0025529372521270466	0.0020864715310027968	0.03536031212945526
639	0.0062603778678778175	0.0029128226797396697	0.0017522309459392417	0.0065935660555528726
641	0.06269432133389212	0.01807299631792143	0.019011199338311885	0.015693541670020014
643	0.004669414070875811	0.0022155446637402124	0.0003544975902189217	0.004927373337411002
644	0.021316327946823647	0.009177078404121896	0.007778689979660911	0.008843638273214546
645	0.002224762382799555	0.0032727081073522933	0.004871809739865752	0.008743951529394091
646	0.009959692062532893	0.00831110409392902	0.008325629118855819	0.07762749150932767
651	0.0005432559306836123	0.011088969738313957	0.008963724781249878	0.010025638235657068
652	0.0016297677920508369	0.002890329840513881	0.0072621363481990536	0.0009683855113986941
655	0.007049392433870683	0.0021480661460628455	0.0010331072629237148	0.0792652023006637
659	0.015715617994775926	0.014631591916375718	0.016438559683580285	0.03369411941131339
663	0.004333112780452622	0.0071414764541879935	0.006846867742514032	0.07284252780594588
667	0.058516424533634814	0.01968123432256534	0.02676963231281743	0.010068361125865833
668	0.026322043308122645	0.0010909027024507646	0.0014078618582980033	0.0055824576539454124
669	0.012520755735755635	0.0021930518245144234	0.001063492770656765	0.0018798071691857002
671	0.02930995092688251	0.0017994271380631166	0.0010331072629237148	0.019766457203255698
672	0.011240223899144263	0.0014395417104504935	0.0010331072629237148	0.013557397159581718
674	0.003919203499931774	0.006815330285414055	0.005499776899682128	0.027755637672294924
675	0.002742148983450614	0.0021593125656757402	0.001721845438206191	0.03931929995546756
679	0.20890777467788146	0.017510675337276703	0.019649295000705946	0.02896611956154329
681	0.055619059569988874	0.0011133955416765533	0.003919730497563506	0.009256626211899282
682	0.07624985027094987	0.024022352293142608	0.021381268941489822	0.12203081539963838
683	0.059512393739888106	0.0021930518245144234	0.0003544975902189217	0.020976939092504063
685	0.0017849837722461546	0.0014620345496762822	0.0	0.0
687	0.0054454939718524	0.002856590581675198	0.0034335623738346987	0.09072917784001588
690	0.003350078239215609	0.0007197708552252467	0.0027752097062852727	0.010139565942880444
691	0.031508843979649516	0.011786247754313414	0.008578841683297906	0.059569949914422604
695	0.0987820367293035	0.014552866979085456	0.01953788147235143	0.014326409183339503
696	0.0059499459074871825	0.0030140404562557207	0.0025726396547316034	0.006721734726179171
698	0.019440801519463556	0.04697629472306024	0.05342785109728034	0.06454004614204237
700	0.0016427024570671135	0.00594935597522118	0.005773246469279582	0.08271151544417081
704	0.008342858935498331	0.009323281859089524	0.009075138309604396	0.08689835868462986
705	0.003350078239215609	0.005240831539608828	0.00655314116776121	0.032156095363797814
706	0.01548279402448295	0.02821726680875225	0.03499397640589641	0.029208215939392965
707	0.014435086158164556	0.016003655109148845	0.018048991593431957	0.02930790268321342
710	0.0044365901005828335	0.004779728335480154	0.003544975902189217	0.061748817315069676
711	0.01522410072415742	0.016858382999728822	0.013795020510804896	0.09765028605383597
712	0.0	0.0010909027024507646	0.004183071564583276	0.10962693627569335
715	0.002198893052767002	0.0017994271380631166	0.0020864715310027968	0.03698378195738836
716	0.01526290471920625	0.006455444857801431	0.01031081562408178	0.035118215751605585
719	0.0055489712919826115	0.002957808358191248	0.0014179903608756868	0.06723158822519464
720	0.014150523527806472	0.033401866250296605	0.027853382088629565	0.06651954005504854
723	0.0	0.004509814264770685	0.0032309923222810294	0.042623203464945456
724	0.0038415955098341156	0.006230516465543541	0.00940937889466795	0.05555399823479862
725	0.01470671412350636	0.018837752851598253	0.010786855245232903	0.07657366021751144
727	0.002742148983450614	0.006567909053930375	0.004193200067160959	0.03679864943315037
732	0.00710113109393579	0.029825504813396155	0.0314490005037072	0.01041014424753596
735	0.012533690400771914	0.007872493729026136	0.009733490977153822	0.058800937890664824
736	0.01695734583633847	0.020659672828887157	0.014443244675776639	0.06674739546949529
738	0.10524936923744174	0.004048711060642012	0.0060365875362993525	0.0637710341182846
739	0.07595235297557551	0.005836891779092235	0.013967205054625516	0.0811450094698494
744	0.05660209411122589	0.010279227526185554	0.0028157237165960065	0.032754215826720535
745	0.09523793851484375	0.01785931434527643	0.014959798307238497	0.04428939618308733
747	0.031198412019258877	0.01363066057082811	0.01330885238707609	0.08170040704256334
749	0.007747864344749613	0.007939972246703503	0.0055504194125705454	0.022130457128140744
755	0.003802791514785286	0.009671920867089252	0.012751784745303498	0.04817717919208503
756	0.002173023722734449	0.0043186251313514805	0.0069380242657131825	0.02543436063761864
763	0.011162615909046606	0.005049642406189621	0.005256692837817725	0.004614072142546719
764	0.019401997524414724	0.12517265029151556	0.10485025868417935	0.007376819042713581
765	0.01885874159373111	0.05891999235195417	0.06213836331408814	0.01285958995283854
