Position	rPB66v1	rPB66v2	rO66v1	rO66v2	23S
27	0.013062824827828817	0.012563584971610312	0.00824709996111219	0.012678776919558443	0.04727
28	0.0030298893473738615	0.0020113067260075137	0.0027662362823254907	0.002791083171827772	0.03142
32	0.0013910812726936595	0.002875318770278347	0.07227308376433987	0.0033918544375126734	0.02828
34	0.010747532024646905	0.005467354903090847	0.06285962298269492	0.004192882791759209	0.08393
35	0.010471221360892683	0.007761944266564206	0.045364210674703476	0.005181652166532275	0.05819
37	0.0030584732091415395	0.0026062002646857923	0.047624679875559	0.0016020567084930708	0.02536
40	0.0030584732091415395	0.006359695211108265	0.03903696126774256	0.006020228724884117	0.04678
42	0.02078046750510186	0.01563720158811475	0.013500884542096052	0.01750997918110786	0.042
44	0.004525778113215673	0.005552339694330601	0.02508191853004083	0.004468236288531454	0.04229
45	0.01316763232097697	0.010764740223702185	0.031336915496791753	0.01171503968085558	0.04229
47	0.00582157984668374	0.006940424617913251	0.0029004193855726224	0.005419457459199215	0.00769
50	0.0035443988591920645	0.004008449320141735	0.0034371517985611506	0.0019900548175812364	0.00533
54	0.004382858804377283	0.004022613452015027	0.08656874514874585	0.004180366723724106	0.1
55	0.008718077839141771	0.008583463915215164	0.08248132138829475	0.009925241951835976	0.07198
60	0.0404175805394966	0.03511288291389173	0.06982682257437292	0.0426046955914876	0.09213
62	0.0276787061450348	0.037846560365437154	0.06776246713980166	0.0331550642249855	0.09807
65	0.0475826018892612	0.029999631307633196	0.06744249204744311	0.02609600185318791	0.1086
66	0.06274157658005308	0.027761698471653003	0.0161122941668287	0.024418848736484224	0.01976
67	0.1209954868625807	0.030707837901297812	0.002972671825782617	0.024418848736484224	0.00998
68	0.03918847448348645	0.02242182075542179	0.0014863359128913084	0.01970029108725073	0.00201
72	0.04946913676592795	0.07278947369684938	0.06451110733035192	0.09452134580109117	0.08879
74	0.032747577631836354	0.08786011001003244	0.1458054243437682	0.1331959960295567	0.15264
75	0.020151622546212944	0.1141912311624829	0.029220951176356206	0.10273188643211816	0.04092
76	0.0020008703237374553	0.008186868222762978	0.027435283725452068	0.003066436668600018	0.01907
77	0.0017245596599832355	0.0033002427264771173	0.000836063951001361	0.0026158582193363416	0.00218
80	0.002810746407154997	0.004631671122566598	0.0057905169939723895	0.0054570056633045224	0.01356
82	0.031556583391516436	0.01658619842362534	0.05443705280964417	0.02501962000216913	0.08929
86	0.0027535786836196414	0.0023087534953466528	0.021603479622788253	0.0022028279741779723	0.01381
87	0.0022295412178788792	0.002322917627219945	0.0014347270270270269	0.003429402641617979	0.01679
89	0.011061954504091361	0.014943159126323428	0.016215511938557258	0.015006765574087436	0.09992
90	0.013482054800421426	0.006926260486039959	0.006275640521096635	0.009437115298466994	0.06312
96	0.00968992913924282	0.008144375827143101	0.01034242072720202	0.00964988845506373	0.04192
97	0.01026160637459638	0.009022552003287226	0.02239825646509819	0.007472092616955962	0.05618
98	0.007269828842912755	0.017988447479081283	0.046396388391989105	0.012703809055628646	0.06992
99	0.0023915164345623876	0.0020821273853739754	0.09517710731090802	0.0008260604903167396	0.0093
100	0.0023629325727947095	0.00029744676933913936	0.018238580264437098	0.00266592249147675	0.022
101	0.004668697422054063	0.005283221188738045	0.024978700758312267	0.004480752356566557	0.04082
102	0.05694858059513701	0.020353857501921105	0.017846352731868558	0.0224913742590785	0.05816
111	0.006202698003586113	0.010169846685023905	0.03859312484930973	0.005056491486181255	0.04501
113	0.03424346639767817	0.025835376536885245	0.02089127699786117	0.026897030207434443	0.05294
114	0.0017340876139057947	0.001784680616034836	0.004428042407155356	0.0028912117161085885	0.06161
115	0.007727170631195601	0.01145878268549351	0.00785487242854365	0.009850145543625365	0.03475
116	0.0020199262315825743	0.0020679632535006826	0.0014347270270270269	0.0012390907354751094	0.01461
117	0.011433544707071175	0.011019694597421447	0.008515466167606454	0.012541100171172317	0.02064
118	0.002248597125723998	0.0026203643965590846	0.010765613591289129	0.002640890355406546	0.01524
120	0.013243855952357443	0.006161397364882171	0.09892391242465486	0.012203166334224561	0.14206
122	0.002248597125723998	0.002917811165898224	0.004551903733229632	0.0014143156879665387	0.00409
123	0.02048510093350252	0.023328325195312496	0.003044924265992611	0.018849198460863786	0.0
126	0.004268523357306571	0.005566503826203894	0.0013831181411627454	0.004530816628706965	0.00354
127	0.023476878465186143	0.012889360004696038	0.0034371517985611506	0.02787328351417241	0.00354
128	0.0019818144158923368	0.0005807294068049863	0.0007225244020999416	0.004105270315513493	0.0
131	0.012357756237559428	0.014433250378884903	0.06328281584678203	0.01610817956117642	0.07463
132	0.007174549303687162	0.012450271916623974	0.097189853859615	0.011777620021031089	0.10319
134	0.0025153798355556584	0.0049999385512721995	0.102505569103636	0.008235572767097191	0.12187
135	0.0013910812726936595	0.0026628567921789617	0.07339815747618121	0.010813882782328227	0.10183
136	0.006583816160488485	0.016232095126793033	0.0773926852420766	0.11234422668307659	0.07671
138	0.0065647602526433665	0.01531142655502903	0.1418625054637371	0.057511332621294216	0.194
143	0.004116076094545623	0.006317202815488388	0.002074677211744118	0.02343007936171116	0.0
144	0.01080469974818226	0.0101840108168972	0.006998164923196577	0.01610817956117642	0.00363
147	0.016254689391886186	0.022492641414788246	0.021066747209799726	0.014881604893736413	0.02979
150	0.0039445729239395546	0.006203889760502049	0.09587898815866225	0.0057198430920416665	0.06606
152	0.0074603879213639415	0.011345469630507171	0.06056818845032082	0.00928692248204577	0.1552
153	0.012090973527727767	0.01652954189613217	0.046293170620260546	0.016070631357071114	0.13439
154	0.00027631066375422003	0.00349854057270321	0.003788092222438265	0.0022278601102481764	0.04619
155	0.0011052426550168801	0.0026203643965590846	0.00528474991250243	0.0024281171988098102	0.00721
161	0.011557408108064446	0.023370817590932378	0.03485664151273576	0.009862661611660465	0.08824
162	0.012100501481650325	0.015098964576929642	0.07357362768811976	0.018974359141214807	0.0568
163	0.0014196651344613375	0.0020679632535006826	0.03287486029554734	0.0024531493348800143	0.06253
166	0.021523647911061487	0.013668387257727118	0.007256209352517985	0.013755158770577224	0.08608
167	0.024591649074125584	0.01320097090590847	0.0134183103247132	0.009737500931309444	0.09978
168	0.0385215177089073	0.00953246075072575	0.01271642947695897	0.013629998090226202	0.09527
169	0.005145095118182029	0.004334224353227459	0.00287977583122691	0.003341790165372265	0.15033
170	0.02179043062089315	0.07613220881894638	0.00852578794477931	0.028311345895400984	0.08527
172	0.00028583861767677936	0.0015297262423155738	0.009289599455570677	0.0022654083143534825	0.04821
174	0.0032871441032829626	0.0046175069906933056	0.0243800376822866	0.00420539885979431	0.0419
175	0.010156798881448227	0.013824192708333332	0.008546431499125023	0.014418510376437637	0.04454
178	0.007984425387104704	0.00783276492593067	0.09331918741979389	0.00912421359758944	0.10458
179	0.0008289319912626602	0.002025470857880806	0.0030346024888197546	0.005845003772392687	0.0
180	0.001648336028602761	0.003186929671490778	0.004541581956056776	0.008248088835132294	0.00196
181	0.001676919890370439	0.005524011430584016	0.0022914345323741007	0.0036797240023200214	0.0
182	0.0016673919364478796	0.004631671122566598	0.000701880847754229	0.003441918709653081	0.00192
184	0.01758860294104449	0.010963038069928278	0.009052198580594983	0.014230769355911103	0.07971
187	0.009651817323552584	0.00614723323300888	0.01476014135718452	0.010438400741275163	0.0327
188	0.005316598288788096	0.008130211695269809	0.03253424164884308	0.0062955822216563635	0.04863
189	0.007317468612525552	0.00933416290449966	0.042752801049970826	0.011477234388188639	0.0758
190	0.013548750477879342	0.00975908686069843	0.05305393466848143	0.012052973517803336	0.09395
192	0.007965369479259585	0.009900728179431351	0.022212464475986776	0.018673973508372355	0.02623
193	0.008775245562677126	0.020226380315061472	0.05494281989111413	0.06111596021540362	0.03554
194	0.016607223687020882	0.03478710788080601	0.09855232844643202	0.02060144798577808	0.03329
196	0.0037159020297981315	0.0063880234748548495	0.08526820122496596	0.011201880891416391	0.04555
197	0.0177029383881152	0.012336958861637637	0.05451962702702702	0.014768960281420494	0.08732
198	0.05283250450059138	0.015821335302467553	0.25724965247909776	0.021077058571111962	0.07102
199	0.03401479550353675	0.012322794729764342	0.00710138269492514	0.017847913018055616	0.06175
200	0.008937220779360634	0.010665591300589139	0.0028384887225354847	0.015732697520123358	0.03599
202	0.020285013901128777	0.13717961719283642	0.014636280031110244	0.09444624939288056	0.05337
204	0.0238389407142434	0.044362061027151636	0.01045596027610344	0.07197990726987226	0.07433
207	0.0014006092266162188	0.03284662181416496	0.003488760684425432	0.03768588085369247	0.00577
208	0.004649641514208944	0.0058781147274163245	0.0034577953529068635	0.005544618139550236	0.00186
209	0.0013910812726936595	0.0032719144627305326	0.002807523391016916	0.002090183361862053	0.00194
210	0.0016673919364478796	0.003569361232069672	0.002105642543262687	0.004368107744250638	0.01155
211	0.0033252559189732	0.0034843764408299177	0.000701880847754229	0.004643461241022885	0.03731
212	0.01314857641313185	0.015283098291282443	0.013583458759478901	0.015670117179947846	0.04547
215	0.0030394173012964205	0.005778965804303279	0.0376331995722341	0.008636086944220458	0.067
217	0.004649641514208944	0.0025778720009392076	0.004283537526735368	0.004192882791759209	0.01397
220	0.0046972812838217415	0.00403677758388832	0.00556343789616955	0.003804884682671043	0.06022
222	0.01204333375811497	0.01290352413656933	0.010363064281547733	0.011727555748890681	0.0543
224	0.004211355633771216	0.0032577503308572403	0.002817845168189772	0.0032666937571616517	0.00215
226	0.009670873231397701	0.029801333461407103	0.008350317732840753	0.07980244979181107	0.06207
227	0.010757059978569463	0.012591913235356899	0.009041876803422126	0.029638049107121808	0.10188
228	0.00249632392771054	0.005283221188738045	0.0041803197550068045	0.0021652797700726658	0.13646
233	0.009080140088199025	0.011614588136099727	0.008360639510013609	0.011402137979978026	0.05726
235	0.006374201174192179	0.009036716135160518	0.004200963309352517	0.008698667284395969	0.10016
236	0.0072126611193774	0.016869481061091186	0.012540959265020414	0.07296867664464532	0.05575
238	0.003630150444495098	0.0029461394296448084	0.0014760141357184522	0.00277856710379267	0.0072
239	0.0027726345914647595	0.004688327650059767	0.0036745526735368454	0.0025532778791608314	0.00218
240	0.0	0.003215257935237363	0.0022191820921641063	0.0012140585994049051	0.10226
241	0.0113573210756907	0.01477318954384392	0.055314403869336955	0.013467289205769875	0.05765
243	0.014091843851465223	0.011982855564805328	0.01610197238965584	0.014218253287876003	0.01262
245	0.0027631066375422004	0.00723787138725239	0.001403761695508458	0.0004005141771232677	0.00181
246	0.003915989062171877	0.009631609673838797	0.009423782558817808	0.0012140585994049051	0.0171
249	0.011566936061987004	0.01422078840078552	0.04198898953917946	0.010163047244502918	0.06386
250	0.010023407526532396	0.013654223125853824	0.026733402877697838	0.0054570056633045224	0.04887
252	0.0005621492814309995	0.0017563523522882512	0.004428042407155356	0.002628374287371444	0.0
253	0.012338700329714309	0.010084861893784151	0.009176059906669259	0.01373012663450702	0.00185
265	0.037711641625489754	0.02965969214267418	0.07470902317713396	0.00811041208674617	0.08818
270	0.024534481350590227	0.030580360714438183	0.06058883200466653	0.014731412077315188	0.07663
271	0.06716254720012059	0.03233671306672643	0.06264286566206494	0.007008998099657184	0.0819
273	0.0026964109600842853	0.040254462783896855	0.0046344779506124825	0.0016145727765281726	0.00413
276	0.0013624974109259817	0.0020537991216273903	0.001372796363989889	0.0015895406404579687	0.0
280	0.00638372912811474	0.008951731343920764	0.05795677882558817	0.009324470686151075	0.06994
281	0.009956711849074481	0.006642977848574112	0.0607126933307408	0.013329612457383752	0.05927
282	0.012167197159108242	0.010679755432462431	0.01230355839004472	0.017772816609845005	0.01403
285	0.0019341746462795404	0.0023087534953466528	0.0013934399183356016	0.004230430995864515	0.0
287	0.005192734887794825	0.009178357453893442	0.005914378320046664	0.0065834517864637124	0.00387
289	0.005926387339831892	0.005807294068049864	0.08079887170911919	0.005845003772392687	0.09975
291	0.0322235401660956	0.018484192094646516	0.08915951121913279	0.01663385441865071	0.1251
293	0.008517990806768025	0.03124607491248292	0.013758928971417459	0.023742981062588712	0.00825
294	0.0005716772353535587	0.003866808001408811	0.003086211374684036	0.0026784385595118526	0.00414
295	0.010680836347188988	0.012280302334144467	0.024338750573595174	0.01373012663450702	0.03209
301	0.04662027854308272	0.046330875357539276	0.04756274921252187	0.05374399614272848	0.07173
302	0.001438721042306456	0.006557993057334357	0.10424994944584871	0.004393139880320842	0.12525
303	0.00943267438333372	0.016019633148693646	0.051588242309935826	0.01390535158699845	0.06383
305	0.0008289319912626602	0.001458905582949112	0.004004849543068248	0.0010012854428081692	0.0
306	0.00027631066375422003	0.0014447414510758197	0.0014450488041998831	0.0006007712656849015	0.0
307	0.0	0.0014305773192025272	0.002074677211744118	0.0011890264633347008	0.00178
308	0.0019341746462795404	0.002875318770278347	0.006523363173245187	0.0014017996199314367	0.00743
311	0.01866526173429369	0.00808771929964993	0.05301264755979	0.009387051026326585	0.05351
312	0.0030680011630640986	0.0008640120442708332	0.01806311005249854	0.0020150869536514405	0.02929
313	0.004487666297525436	0.01127464897114071	0.02400845370406377	0.007034030235727388	0.0386
314	0.0019722864619697773	0.0032010938033640705	0.01678320968306436	0.0024281171988098102	0.01286
315	0.0014006092266162188	0.001175622945483265	0.007741332879642231	0.0020276030216865425	0.00421
316	0.0070030461330810945	0.005863950595543032	0.036446195197355626	0.004267979199969821	0.05114
317	0.003915989062171877	0.004079269979508197	0.02501998786700369	0.0038424328867763488	0.02723
318	0.01163363173944492	0.009263342245133196	0.012479028601983277	0.010238143652713529	0.02879
319	0.007793866308653517	0.009844071651938182	0.005140245032082442	0.008235572767097191	0.00783
322	0.0023343487110270315	0.002379574154713115	0.0	0.0020276030216865425	0.0018
323	0.04586757018320053	0.013767536180840163	0.004149354423488236	0.01617075990135193	0.00713
324	0.006631455930101281	0.002365410022839822	0.0034577953529068635	0.0030288884644947113	0.00179
325	0.009575593692172108	0.034163886078381146	0.006213709858059498	0.0074470604808857584	0.00717
328	0.009308810982340448	0.003215257935237363	0.0006915590705813727	0.0008010283542465354	0.00533
333	0.033452646222105746	0.055820843712645146	0.05856576367878669	0.021026994298971553	0.12346
335	0.01886534876666744	0.10192509296021174	0.0058834129885280955	0.003629659730179613	0.0
337	0.016950230028233017	0.09057962332970458	0.013614424090997472	0.003416886573582877	0.00196
339	0.020847163182559775	0.02028303684255464	0.04132839580011666	0.016308436649738054	0.10855
342	0.01980861620500081	0.019744799831369533	0.029984762687147573	0.018949327005144602	0.08912
345	0.00664098388402384	0.006359695211108265	0.0773926852420766	0.007835058589973923	0.10646
349	0.004611529698518707	0.00542486250747097	0.0034268300213882944	0.004743589785303702	0.00353
353	0.016159409852660594	0.013257627433401638	0.020757093894614036	0.01996312851598787	0.02708
354	0.0027916904993098785	0.002322917627219945	0.010837866031499124	0.003441918709653081	0.03083
355	0.19743826118327407	0.009249178113259903	0.016535487030915806	0.006858805283235958	0.03083
356	0.007288884750757873	0.0034843764408299177	0.018651451351351347	0.0020276030216865425	0.03455
362	0.009794736632390973	0.0183283866440403	0.08715708644759866	0.012340843082610686	0.11348
364	0.001372025364848541	0.003186929671490778	0.03422701310519152	0.0034043705055477754	0.00398
365	0.001372025364848541	0.0028894829021516395	0.021572514291269683	0.00420539885979431	0.002
369	0.002200957356111201	0.003456048177083333	0.010280490064164883	0.0032041134169861415	0.00192
372	0.013825061141633562	0.011600424004226433	0.07940543179078358	0.016258372377597648	0.09996
373	0.0072221890732999585	0.009858235783811474	0.07723785858448375	0.0076598336374824934	0.12033
375	0.00914683576565694	0.011572095740479849	0.06481043886836475	0.00846086199172903	0.08225
383	0.019732392573620333	0.022591790337901294	0.06767989292241881	0.024669170097186267	0.08482
384	0.0014196651344613375	0.0026486926603056693	0.07292335572622982	0.002853663512003282	0.1087
385	0.001705503752138117	0.0017705164841615437	0.04093616826754812	0.001426831756001641	0.06883
386	0.02022784617759342	0.0183283866440403	0.06900108040054442	0.013792706974682531	0.08766
388	0.004754449007357097	0.0005807294068049863	0.009083163912113551	0.0014017996199314367	0.01009
389	0.006431368897727535	0.0011614588136099726	0.0	0.0014017996199314367	0.0
391	0.0019627585080472187	0.010453129322489754	0.006967199591678008	0.002415601130774708	0.00623
392	0.0022390691718014383	0.0020396349897540984	0.007669080439432237	0.0018023137970547046	0.00821
393	0.008003481294949821	0.006402187606728141	0.05347712753256854	0.005206684302602479	0.04167
394	0.012148141251263123	0.016288751654286202	0.05880316455376239	0.01018807938057312	0.105
397	0.005106983302491792	0.00934832703637295	0.037313224479875555	0.0043055274040751275	0.01305
399	0.010947619057020649	0.005594832089950479	0.02637214067664787	0.03997632130411616	0.04709
400	0.02024690208543854	0.013498417675247608	0.056996853548512534	0.1296289166395526	0.07877
401	0.008641854207761297	0.024376470953936132	0.04508552269103635	0.05702320596792524	0.08944
403	0.024124779331920178	0.03414972194650785	0.053611310635815666	0.08233069553490172	0.14976
404	0.002534435743400777	0.007138722464139344	0.023110459090025275	0.09984067471600956	0.01352
406	0.001676919890370439	0.0014730697148224042	0.016370338596150103	0.00633313042576167	0.01857
407	0.0005907331431986774	0.0011614588136099726	0.01567877952556873	0.0011139300551240882	0.00975
410	0.076947755878589	0.021727778293630463	0.052878464456542866	0.05334348196560521	0.07271
411	0.0018198391992088286	0.0026203643965590846	0.0309240444098775	0.0025282457430906274	0.02445
414	0.026259041010573466	0.01060893477309597	0.04960646109274742	0.02687199807136424	0.07378
415	0.0036968461219530134	0.0020396349897540984	0.03637394275714563	0.00307895273663512	0.02952
416	0.0028488582228452346	0.002917811165898224	0.020437118802255492	0.00307895273663512	0.02747
418	0.016159409852660594	0.017818477896601775	0.06277704876531207	0.016383533057948665	0.08898
420	0.0030394173012964205	0.006359695211108265	0.052228192494652916	0.0066084839225339165	0.09178
424	0.009194475535269737	0.020552155348147198	0.05465381013027415	0.03701001317979695	0.07915
425	0.02142836837183589	0.014730697148224042	0.04695376435932335	0.01876158598461807	0.0519
426	0.0034014795503536743	0.0032719144627305326	0.0578329174995139	0.0014643799601069475	0.03588
427	0.001510180696725651	0.00244331274814293	0.03097049240715535	0.002171537804090217	0.01361
428	0.011085774388897759	0.014744861280097334	0.0609139679856115	0.012472261796979257	0.0479
431	0.005502393390278003	0.007577810552211406	0.07108607938946139	0.0063206143577265676	0.08645
432	0.0019008268075505826	0.0030027959571379778	0.005867930322768811	0.0024531493348800143	0.009935000000000001
433	0.0026821190292004465	0.0030098780230746244	0.0029417064942640478	0.00307895273663512	0.01299
437	0.01800306893667582	0.021996896799223016	0.018331476258992802	0.01935609921628542	0.055245
441	0.009770916747584575	0.012372369191320867	0.008840602148551428	0.012753873327769054	0.041455
442	0.01673585106497543	0.02280425231600068	0.01034242072720202	0.021565185224480945	0.08490500000000001
443	0.03323826725884816	0.03660719882652407	0.014775624022943804	0.03331777310944183	0.066575
446	0.002967957646877226	0.0030877807483777322	0.004840913494069609	0.0033918544375126725	0.04108
448	0.01025207842067382	0.010927627740245046	0.010930762026054829	0.009724984863274342	0.0673
449	0.003411007504276234	0.004397962946657274	0.014631119142523817	0.006433258970042487	0.065055
450	0.010209202628022303	0.00940498356386612	0.018352119813338518	0.009199310005800054	0.0967
451	0.014992235497147077	0.01641622884114583	0.017593469191133578	0.01911203588960093	0.10024
453	0.014858844142231247	0.009674102069458674	0.014631119142523817	0.012159360096101704	0.07544000000000001
454	0.023462586534302308	0.007641549145641221	0.009640539879447792	0.009562275978818015	0.059285000000000004
455	0.005878747570219096	0.0016926137588584354	0.0069362342601594395	0.0014393478240367432	0.045165
456	0.0017340876139057947	0.003250668264920594	0.0007947768423099359	0.0025282457430906274	0.010225
457	0.0011433544707071175	0.003307324792413763	0.0022191820921641063	0.005175394132514724	0.002865
458	0.0014053732035774985	0.0022166866381702526	0.0019921029943612677	0.003454434777688184	0.0024000000000000002
461	0.009446966314217558	0.004468783606023736	0.004510616624538206	0.005025201316093499	0.050394999999999995
463	0.033900460056466034	0.01723066642386014	0.01303124368073109	0.01798558976644174	0.05735
468	0.012433979868939904	0.01393750576331967	0.044744904044332096	0.013629998090226202	0.0695
472	0.003973156785707233	0.0045750145950734285	0.009764401205522067	0.003980109635162473	0.00775
473	0.006974462271313417	0.012365287125384221	0.05610918071164689	0.009161761801694748	0.06566
474	0.00914683576565694	0.013696715521473701	0.028839045420960524	0.01674649903096663	0.0821
475	0.00582157984668374	0.007875257321550545	0.0065852938362823245	0.018135782582862962	0.05039
476	0.0058501637084514176	0.005977263650529371	0.002817845168189772	0.02222853683034136	0.02304
478	0.006574288206565925	0.008810090025187841	0.004748017499513902	0.023029565184587892	0.03853
479	0.008689493977374093	0.005056595078765368	0.0038706664398211153	0.019625194679040114	0.02357
480	0.0023724605267172686	0.0018555012754012975	0.0012902221466070385	0.016771531167036835	0.01778
481	0.0013910812726936595	0.0010623098904969262	0.00043351464125996497	0.013041742892576404	0.00287
484	0.0031537527483671323	0.004504193935706967	0.003447473575734007	0.005369393187058808	0.03361
485	0.0035443988591920645	0.0026486926603056693	0.0034577953529068635	0.004968879009935539	0.04172
486	0.0051165112564143505	0.003711002550802595	0.005604725004860975	0.008848860100817195	0.03636
487	0.0027631066375422004	0.0023937382865864072	0.0025907660703869333	0.003379338369477571	0.0072
488	0.0027535786836196414	0.002379574154713115	0.0017237367878670034	0.002302956518458789	0.00419
493	0.0009718513001010499	0.002634528528432377	0.02616570513319074	0.005957648384708607	0.00523
494	0.003506287043501827	0.003158601407744194	0.007060095586233714	0.0029913402603894057	0.01567
497	0.002439156204175184	0.0018979936710211748	0.009877940754423487	0.001201542531369803	0.01111
498	0.004249467449461454	0.004305896089480874	0.018135362492708532	0.0020025708856163385	0.09052
499	0.02441061794959696	0.012606077367230191	0.011219771786894806	0.10747547621742186	0.03615
500	0.013177160274899529	0.01985811288635587	0.019188183764339877	0.06086563885470158	0.07833
502	0.0014291930883838968	0.002436230682206284	0.008092273303519346	0.0016145727765281726	0.03195
503	0.009070612134276465	0.008540971519595287	0.025783799377795055	0.011339557639802517	0.02131
509	0.03764494594803185	0.017280240885416666	0.05017415883725451	0.01863642530426705	0.14896
511	0.006402785035959858	0.0038384797376622266	0.0013624745868170327	0.03559569749183041	0.00153
512	0.008498934898922908	0.03410722955088798	0.005439576570095275	0.00906163325741393	0.00609
513	0.012881793703300191	0.00784692905780396	0.005604725004860975	0.009099181461519237	0.00648
515	0.005040287625033876	0.0021812763084870217	0.005377645907058136	0.007772478249798413	0.0
518	0.015730651926145426	0.009546624882599044	0.04071941094691813	0.02557032699571362	0.07088
521	0.006907766593855501	0.009787415124445014	0.0008876728368656425	0.0042804952680049226	0.00139
527	0.02219060468564064	0.0594185332084614	0.04534356712035776	0.026458967826205868	0.10765
528	0.0023915164345623876	0.006883768090420081	0.014739497802838807	0.003942561431057166	0.0087
531	0.0041256040484681815	0.00675629090356045	0.03551723525179856	0.0068713213512710605	0.00686
534	0.00831790377439428	0.031784311923668034	0.030789861306630365	0.00704654630376249	0.06039
535	0.007298412704680434	0.024461455745175886	0.02048872768811977	0.0019399905454408276	0.06268
536	0.006907766593855501	0.01640206470927254	0.039749163892669644	0.0012265746674400071	0.04776
543	0.019208355107879573	0.019617322644509903	0.028581000991639117	0.008986536849203319	0.03863
545	0.010194910697138463	0.04920619412781762	0.048357526054831804	0.004956362941900438	0.08616
546	0.008613270345993618	0.02151531631553108	0.03481535440404433	0.0065333875143233034	0.06232
552	0.0034300634121213524	0.004546686331326844	0.013067369900836085	0.017422366704862143	0.00572
553	0.08522754783729306	0.01773349310536202	0.058008387711452454	0.014781476349455596	0.05442
555	0.00596449915552213	0.005099087474385245	0.03877891683842115	0.007096610575902899	0.06212
557	0.02951760125208875	0.07046655606962944	0.030614391094691808	0.015845342132439277	0.09361
558	0.0010194910697138464	0.012039512092298497	0.022460187128135328	0.002515729675055525	0.09966
561	0.008117816742020533	0.012861031740949451	0.03247231098580595	0.012528584103137216	0.02286
563	0.017836329743031034	0.016232095126793033	0.0399246341046082	0.009549759910782912	0.01585
566	0.0007908201755724229	0.003994285188268443	0.045973195527902	0.0029913402603894057	0.00523
570	0.00471633719166686	0.009022552003287226	0.07369748901419404	0.009862661611660465	0.0156
572	0.0017912553374411506	0.004291731957607582	0.012654498813921835	0.003216629485021243	0.01511
573	0.009489842106869074	0.008286017145876024	0.033834785572622976	0.007672349705517596	0.08687
574	0.010414053637357328	0.009277506377006488	0.030635034649037524	0.013216967845067833	0.06099
579	0.0039636288317846735	0.009305834640753073	0.02850874855142912	0.007484608684991065	0.07884
580	0.014492017916212713	0.010623098904969262	0.07210793532957417	0.01698430432363357	0.06853
581	0.0014006092266162188	0.0016147110335553278	0.05794645704841531	0.0043305595401453316	0.00638
582	0.0028202743610775565	0.002974467693391393	0.003488760684425432	0.004368107744250638	0.00174
584	0.009870960263771447	0.010948873938054986	0.004686086836476764	0.011239429095521699	0.07534
585	0.006136002326128197	0.009872399915684766	0.003561013124635426	0.010500981081450674	0.08456
587	0.005726300307458147	0.007195378991632514	0.036497804083219905	0.00745957654892086	0.07761
592	0.014244291114226171	0.011373797894253758	0.034681171300797196	0.015181990526578865	0.05311
594	0.0020008703237374553	0.004008449320141735	0.003561013124635426	0.0026909546275469547	0.00145
595	0.00262971528262637	0.004589178726946721	0.0013521528096441763	0.010663689965907	0.00596
597	0.012214836928721037	0.008540971519595287	0.009052198580594983	0.01018807938057312	0.0625
598	0.009470786199023955	0.013526745938994193	0.0068846253742951575	0.01491915309784172	0.02755
602	0.006164586187895875	0.0021387839128671447	0.0058834129885280955	0.008010283542465354	0.07407
603	0.007165021349764602	0.004801640705046106	0.023193033307408125	0.009612340250958425	0.06904
604	0.013644030017104935	0.012195317542904711	0.08693000734979583	0.011552330796399252	0.03287
605	0.0016292801207576423	0.002436230682206284	0.04179287577289519	0.0016396049125983769	0.00785
606	0.0028202743610775565	0.002974467693391393	0.024452290122496594	0.0025282457430906274	0.00438
608	0.01328196776804768	0.018484192094646516	0.03987302521874392	0.020388674829181344	0.02377
611	0.0013815533187711002	0.0016005469016820352	0.018445015807894222	0.0033918544375126734	0.01658
614	0.00374448589156581	0.00507075921063866	0.018919817557845612	0.006233001881480853	0.05607
615	0.011528824246296768	0.018767474732112363	0.02508191853004083	0.015695149316018054	0.0806
616	0.0017721994295960323	0.002677020924052254	0.015111081781061636	0.005870035908462892	0.10335
621	0.0029155539003031493	0.003413555781463456	0.043898518316157875	0.011001623802854757	0.02059
625	0.002953665715993387	0.005028266815018784	0.030655678203383236	0.0054570056633045224	0.04582
626	0.012081445573805208	0.011345469630507171	0.028529392105774837	0.00964988845506373	0.04711
631	0.008432239221464992	0.006798783299180326	0.031450455045693174	0.0028161153078979755	0.00522
632	0.009013444410741108	0.046741635181864756	0.04038911407738673	0.010150531176467813	0.01423
637	0.0066505118379464	0.008725105233948087	0.06253964789033636	0.005281780710813092	0.01783
639	0.007041157948771332	0.007209543123505805	0.04378497876725646	0.01077633457822292	0.0657
641	0.026144705563502752	0.012747718685963113	0.016122615944001554	0.02693457841153975	0.03224
642	0.0014101371805387783	0.0021387839128671447	0.0036229437876725643	0.0019900548175812364	0.01568
643	0.002010398277660015	0.002407902418459699	0.0031481420377211743	0.0026909546275469547	0.00143
644	0.0014196651344613375	0.0034702123089566253	0.003860344662648259	0.0025282457430906274	0.00633
646	0.005974027109444689	0.0029461394296448084	0.035733992572428534	0.004630945172987783	0.06651
647	0.008336959682239398	0.003215257935237363	0.07712431903558233	0.006746160670920039	0.10705
648	0.010909507241330413	0.014334101455771858	0.04138000468598094	0.009224342141870259	0.07652
649	0.0016006962589899644	0.00186966540727459	0.026496002002722143	0.0017897977290196024	0.00659
650	0.0015911683050674052	0.002931975297771516	0.011756504199883337	0.00284114744396818	0.00615
651	0.0027631066375422004	0.002931975297771516	0.007307818238382267	0.002653406423441648	0.00139
656	0.03365273325447949	0.032662488099812155	0.01917786198716702	0.027998444194523433	0.07853
658	0.007384164289983467	0.002974467693391393	0.024503899008360877	0.0021903119061428703	0.01832
660	0.01756954703319937	0.007138722464139344	0.046458319055026245	0.027347608656698122	0.01055
662	0.005688188491767909	0.0013455925279627732	0.008484500836087885	0.007609769365342086	0.00399
663	0.0032585602415152845	0.002974467693391393	0.008484500836087885	0.0027285028316522612	0.00399
664	0.022533611026852775	0.028214950691598358	0.049317451331907444	0.015319667274964987	0.01946
669	0.004544834021060792	0.008880910684554303	0.00827806529263076	0.0035420472539338986	0.03704
670	0.0158068755575259	0.03305908379226434	0.023193033307408125	0.015945470676720093	0.09987
676	0.0094136184754886	0.01188370664169228	0.047459531440793304	0.011965361041557623	0.18062
677	0.009022972364663668	0.007152886596012636	0.042360573517402286	0.009524727774712709	0.14679
686	0.04648688718816688	0.005651488617443646	0.043733369881392176	0.003429402641617979	0.08557
687	0.020304069808973892	0.018399207303406762	0.04437332006610927	0.013805223042717632	0.08583
688	0.0023438766649495906	0.0016147110335553278	0.05241398448376433	0.0023530207905991976	0.10096
689	0.02179043062089315	0.012082004487918373	0.05203207872836865	0.025657939471959337	0.11314
690	0.0022676530335691164	0.0010906381542435109	0.027600432160217767	0.001289155007615518	0.0034
692	0.0026201873287038106	0.004008449320141735	0.02177894983472681	0.004343075608180434	0.0043
693	0.011138178135471837	0.011614588136099727	0.012509993933501846	0.01563256897584254	0.0078
694	0.0007908201755724229	0.0010623098904969262	0.004397077075636787	0.0012390907354751094	0.00391
698	0.01617846576050571	0.021317018469304984	0.013397666770367488	0.0106511738978719	0.11688
701	0.015454341262391202	0.01902242910583162	0.014718854248493096	0.019950612447952768	0.01032
702	0.0012005221942424733	0.0029603035615181007	0.0013108657009527512	0.0010763818510187819	0.00576
703	0.0018103112452862694	0.0032577503308572403	0.0013211874781256076	0.0016270888445632748	0.0093
705	0.009575593692172108	0.01290352413656933	0.006915590705813727	0.01290406614419028	0.09813
706	0.00857515853030338	0.008342673673369194	0.009052198580594983	0.008510926263869437	0.07439
707	0.004602001744596148	0.0068979322222933745	0.00043351464125996497	0.0014643799601069475	0.00333
708	0.010604612715808514	0.011841214246072403	0.0030655678203383237	0.0023905689947045037	0.0
710	0.041637158641584196	0.03583525363942964	0.009041876803422126	0.03806136289474553	0.0841
711	0.001038546977558965	0.0027478415834187157	0.0033958646898697253	0.0005507069935444931	0.00857
713	0.0047068092377443	0.003810151473915642	0.05683170511374683	0.006721128534849835	0.01139
714	0.007031629994848773	0.008980059607667349	0.0648723695314019	0.008786279760641684	0.00655
720	0.004001740647474911	0.005637324485570355	0.0022398256465098187	0.00195250661347593	0.00743
721	0.027640594329344566	0.091811902802681	0.016236155492902974	0.004831202261549416	0.05982
722	0.013377247307273275	0.01862583341337944	0.008629005716507872	0.004117786383548596	0.02367
723	0.04187535748964818	0.0731152487299351	0.026774689986389266	0.009624856318993525	0.06515
724	0.04822097480207268	0.08281767906314036	0.022718231557456732	0.01426831756001641	0.01196
727	0.051832069338722656	0.14910581623014857	0.03738547692008555	0.0550957314905195	0.00653
729	0.008689493977374093	0.053172151052339474	0.012262271281353295	0.0042554631319347185	0.00467
732	0.05759648146187104	0.1282845423764088	0.029922832024110436	0.01634598485384336	0.18589
735	0.04186582953572562	0.035736104716316594	0.040987777153412404	0.030639334549929974	0.118
736	0.0008098760834175415	0.0032294220671106556	0.09761304672370211	0.0009011568985273523	0.01994
743	0.0031061129787543357	0.002365410022839822	0.039635624343768217	0.0033167580293020603	0.00386
752	0.024477313627054874	0.011614588136099727	0.017423159867781448	0.013755158770577224	0.08283
753	0.010709420208956667	0.012152825147284836	0.023100137312852417	0.011101752347135575	0.10177
754	0.013320079583737918	0.026231972229337427	0.026206992241882165	0.016771531167036835	0.06773
757	0.0018103112452862694	0.002719513319672131	0.003612622010499708	0.0021652797700726658	0.00648
758	0.0017817273835185913	0.003725166682675888	0.004840913494069609	0.0023154725864938915	0.01065
759	0.006193170049663552	0.005354041848104508	0.014584671145245963	0.00622048581344575	0.07322
760	0.011404960845303496	0.00975908686069843	0.015616848862531594	0.015244570866754376	0.10871
762	0.013215272090589767	0.010892217410561816	0.014853037351740227	0.0025407618111257294	0.0979
763	0.025144270401634024	0.02157197284302425	0.012117766400933306	0.0052442325067077866	0.05566
764	0.01675014299585927	0.0203680216337944	0.018021822943807116	0.008223056699062089	0.0721
765	0.0319186456405737	0.029518050823941256	0.031027262181606063	0.01563256897584254	0.04052
766	0.0018865348766667438	0.0033144068583504096	0.015978111063581567	0.002503213607020423	0.02418
767	0.0018388951070539474	0.0010906381542435109	0.013129300563873224	0.0023154725864938915	0.01884
771	0.015501981032004	0.01464571235698429	0.01529687377017305	0.01786042908609072	0.06419
773	0.02202862946895713	0.01900826497395833	0.0275694668286992	0.015845342132439277	0.11199
775	0.0055738530446971975	0.010934709806181693	0.06565682459653897	0.03393106044316183	0.08546
777	0.0023438766649495906	0.0013314283960894808	0.052992004005444286	0.005569650275620441	0.05278
783	0.0007812922216498636	0.0018413371435280052	0.005996952537429515	0.019975644584022973	0.02587
785	0.000581205189276118	0.001586382769808743	0.0035919784561539952	0.0023154725864938915	0.00406
786	0.0003906461108249318	0.001586382769808743	0.0013521528096441763	0.0016020567084930708	0.00136
787	0.0027631066375422004	0.0023937382865864072	0.007927124868753644	0.0031915973489510395	0.00417
788	0.0008003481294949822	0.002407902418459699	0.043898518316157875	0.0017897977290196024	0.02075
790	0.01372025364848541	0.01042480105874317	0.05106183167412016	0.011952844973522518	0.06176
791	0.009175419627424618	0.009617445541965504	0.05140245032082441	0.00804783174657066	0.08453
792	0.009756624816700737	0.008540971519595287	0.05202175695119579	0.013867803382893142	0.08564
794	0.0014006092266162188	0.0021387839128671447	0.0051815321407738665	0.0018023137970547046	0.00615
796	0.01010915911183543	0.00868261283832821	0.006853660042776589	0.016971788255598468	0.0194
800	0.011262041536465107	0.008413494332735656	0.061796479933890716	0.009437115298466994	0.07207
804	0.00817498446555589	0.009504132486979166	0.009413460781644952	0.00912421359758944	0.01811
806	0.0021628455404209637	0.005042430946892076	0.005057670814699591	0.005131587894391867	0.0056
808	0.0025439636973233364	0.0021246197809938524	0.05855544190161384	0.005469521731339624	0.0638
809	0.0015625844432997271	0.0018555012754012975	0.010548856270659147	0.001764765592949398	0.00139
811	0.0033157279650506406	0.0036968384189293027	0.011849400194439043	0.004393139880320842	0.0055
815	0.016397608700724577	0.011897870773565572	0.03129562838810033	0.018523780691951132	0.06618
816	0.01647383233210505	0.00905088026703381	0.39654203542679367	0.012478519830996808	0.49384
819	0.004516250159293115	0.007761944266564206	0.01470853247132024	0.0068462892152008565	0.00762
820	0.03439591366043912	0.3531118076011783	0.0178360309546957	0.023742981062588712	0.02225
822	0.001829367153131388	0.005283221188738045	0.012757716585650397	0.0014393478240367432	0.0133
824	0.0011719383324747953	0.0018413371435280052	0.004324824635426793	0.0014017996199314367	0.00131
825	0.003653970329301496	0.0028682367043417006	0.004185480643593233	0.002496955573002872	0.00678
832	0.00582157984668374	0.007889421453423839	0.05567566607038693	0.0075909952632894325	0.081915
834	0.019718100642736495	0.015955894555263833	0.13217035669842503	0.02623993663559158	0.205615
836	0.002920317877264429	0.0028682367043417006	0.013160265895391795	0.00349198298179349	0.01806
837	0.028717253122593767	0.0242489937670765	0.04922455533735173	0.019324809046197662	0.06989000000000001
838	0.0017388515908670745	0.0031515193418075477	0.07206664822088274	0.0019149584093706236	0.1063
844	0.004478138343602877	0.006706716442003926	0.023554295508458094	0.007947703202289842	0.003295
847	0.0023629325727947095	0.002145865978803791	0.02427165902197161	0.005275522676795541	0.048505
848	0.010037699457416234	0.0078681752556139	0.03440764420571651	0.04063967290997656	0.06732
849	0.010233022512828701	0.01320097090590847	0.16890556165662063	0.034369122824390405	0.22097
856	0.0021533175864984046	0.004964528221588969	0.006007274314602372	0.003247919655108999	0.01023
857	0.013320079583737918	0.03390893170466188	0.06521814906669259	0.019381131352355623	0.08559
859	0.038454822031449384	0.001586382769808743	0.05580468828504763	0.0019212164433881744	0.098715
860	0.012286296583140233	0.0035835253639429645	0.050716052138829466	0.0019963128515987872	0.0832
861	0.010561736923157	0.004589178726946721	0.03998656476764533	0.003047662566547365	0.053849999999999995
863	0.017560019079276814	0.04629546502785604	0.012633855259576122	0.020926865754690733	0.01616
864	0.026697326891011192	0.06635895782637466	0.005455059235854559	0.005069007554216356	0.005155
867	0.030070222579597194	0.05818625373548498	0.0945319962376045	0.020238482012760118	0.10600000000000001
868	0.0023772245036785484	0.005814376133986509	0.020679680565817614	0.006483323242182896	0.00274
869	0.0011671743555135158	0.001982978462260929	0.02320335508458098	0.005901326078550648	0.00455
870	0.004749685030395817	0.009270424311069841	0.04823366472875752	0.051484845862392555	0.05165
871	0.012067153642921368	0.02264136479945782	0.17149632772700754	0.06496465113619752	0.23931999999999998
872	0.0010194910697138464	0.0033852275177168717	0.29805163764339876	0.04927575985419703	0.39131
873	0.0017436155678283542	0.0021812763084870217	0.0035403695702897137	0.0290247617734018	0.00509
874	0.0020866219090404895	0.0027761698471653004	0.0011147519346684813	0.029900886535858952	0.00481
876	0.024115251377997617	0.01417829600516564	0.005553116118996694	0.03734794701674471	0.01086
879	0.0017436155678283542	0.0036968384189293027	0.004665443282131051	0.00555713420758534	0.00842
880	0.0023724605267172686	0.004872461364412568	0.014966576900641647	0.007822542521938822	0.01546
881	0.006755319331094552	0.00849847912397541	0.05434415681508847	0.009962790155941283	0.07147
882	0.009099195996044142	0.008810090025187841	0.06185841059692785	0.017397334568791938	0.08613
883	0.0006860126824242705	0.0009206685717640026	0.08167622276881198	0.0013517353477910284	0.10859
886	0.004392386758299843	0.006699634376067281	0.006647224499319463	0.0032041134169861415	0.00308
888	0.008794301470522245	0.013725043785220287	0.06598712146607037	0.009900209815765773	0.10092
889	0.005440461689781367	0.007974406244663591	0.06091912887419793	0.011226913027486598	0.06644
891	0.004744921053434537	0.00975908686069843	0.06426338467820338	0.00911169752955434	0.05054
892	0.0013434415030808631	0.0021246197809938524	0.0007741332879642231	0.0013392192797559263	0.00397
893	0.0010099631157912872	0.0015155621104422812	0.0007328461792727979	0.0037423043424955325	0.0
896	0.005059343532878994	0.008767597629567964	0.005635690336379544	0.010888979190538838	0.00617
898	0.008394127405774754	0.006642977848574112	0.0146466018082831	0.008761247624571481	0.0266
899	0.0030394173012964205	0.0027336774515454233	0.007029130254715146	0.00266592249147675	0.00862
904	0.01829367153131388	0.020934586908726092	0.06083655465681508	0.01653372587436989	0.08664
906	0.00790820175572423	0.008909238948300887	0.0014656923585455958	0.007271835528394328	0.00264
907	0.008927692825438075	0.008300181277749317	0.0021985385378183934	0.012328327014575582	0.00787
908	0.003391951596431115	0.006062248441769125	0.002074677211744118	0.002403085062739606	0.00361
912	0.011585991969832125	0.014305773192025271	0.10043089189189187	0.014956701301947027	0.08746
914	0.02269558624353628	0.01783264202847507	0.06844370443321017	0.019600162542969913	0.12506
915	0.0024582121120203023	0.003951792792648565	0.11899976902586037	0.0023279886545289935	0.12226
916	0.09264029598904419	0.015538052665001708	0.136268102236049	0.009812597339520057	0.12492
917	0.05687235696375653	0.003597689495816257	0.002776558059498347	0.0023279886545289935	0.00675
918	0.024991823138873076	0.0790641841167179	0.008659971048026443	0.08363236661055233	0.01335
919	0.02482031996826701	0.004192583034494535	0.002353365195411238	0.009674920591133934	0.00271
922	0.010890451333485294	0.006317202815488388	0.0013831181411627454	0.00396759356712737	0.00717
928	0.06290355179673657	0.013909177499573088	0.1474569086914252	0.09581050080870669	0.173
930	0.04380000418200516	0.029801333461407103	0.10458024631538011	0.061616602936807714	0.12304
931	0.02965099260700458	0.013370940488387977	0.07753719012249659	0.06673567476316447	0.08759
932	0.023667437543637333	0.007733616002817622	0.059019921874392374	0.08796292615069766	0.07904
935	0.0034586472738890304	0.0015155621104422812	0.0007225244020999416	0.0028161153078979755	0.00383
936	0.014129955667155459	0.0030594524846311475	0.0013831181411627454	0.003166565212880835	0.0
939	0.006421840943804977	0.027336774515454236	0.0027559145051526345	0.0018398620011600107	0.00119
943	0.026906941877307498	0.03478710788080601	0.10330034594594593	0.006746160670920039	0.07703
944	0.014339570653451764	0.029617199747054304	0.1616080651954112	0.012090521721908642	0.07956
946	0.020151622546212944	0.021317018469304984	0.015142047112580204	0.022641567075499722	0.07448
950	0.007155493395842044	0.008526807387721994	0.004892522379933891	0.008611054808150255	0.04329
951	0.007889145847879109	0.0067704550354337435	0.0051815321407738665	0.014681347805174782	0.07689
952	0.013100936643519055	0.015183949368169398	0.008298708846976472	0.09142987699642095	0.0636
953	0.0014006092266162188	0.0015722186379354508	0.003044924265992611	0.006170421541305343	0.09116
954	0.007612835184124891	0.0133284480927681	0.05892702587983666	0.009912725883800875	0.084
955	0.009270699166650211	0.01725191262167008	0.023058850204160992	0.013529869545945386	0.06575
956	0.00207709395511793	0.004348388485100751	0.003055246043165467	0.0032917258932318562	0.03066
957	0.0031061129787543357	0.0031019448802510246	0.0037984139996111214	0.0032666937571616517	0.01064
958	0.002639243236548929	0.0022662610997267758	0.0036435873420182768	0.0029037277841436906	0.02704
959	0.015311421953552815	0.014022490554559426	0.014853037351740227	0.02182802265321809	0.0898
961	0.08782867925815174	0.06613233171640198	0.014780784911530233	0.08249340441935803	0.18266
962	0.012834153933687392	0.01116133591615437	0.002848810499708341	0.0040176578392677785	0.03597
963	0.0048973683161954865	0.003810151473915642	0.001403761695508458	0.0025407618111257294	0.00791
965	0.011109594273704159	0.0036826742870560104	0.0029210629399183353	0.0021402476340024613	0.05
966	0.005888275524141655	0.0015297262423155738	0.0	0.0016020567084930708	0.02691
967	0.04965016789045657	0.01808759640219433	0.055706631401905495	0.014243285423946206	0.01546
969	0.037311467560742266	0.002521215473446038	0.03922275325685397	0.0021652797700726658	0.00442
971	0.11105783092135134	0.013597566598360653	0.05018448061442737	0.005056491486181255	0.03562
972	0.04643924741855408	0.04062273021260246	0.05302296933696286	0.013992964063244165	0.13086
976	0.0023724605267172686	0.0015297262423155738	0.024741299883336572	0.001852378069195113	0.07745
977	0.0010290190236364057	0.002804498110911885	0.0386963426210383	0.0021402476340024613	0.06978
978	0.002105677816885608	0.0041075982432547805	0.036167507213688506	0.0024281171988098102	0.04854
979	0.013501110708266546	0.02399403939335724	0.02609345269298075	0.006195453677375547	0.03388
980	0.012786514164074596	0.027931668054132514	0.07135444559595566	0.010989107734819656	0.03955
981	0.01925599487749237	0.01905075736957821	0.08528884477931167	0.015544956499596826	0.03982
984	0.0027535786836196414	0.0030594524846311475	0.027094665078747807	0.05256748574742889	0.00497
985	0.014025148174007308	0.012025347960425203	0.04304181081081081	0.052217035842446025	0.00599
991	0.0023629325727947095	0.0024220665503329915	0.03206976167606455	0.013292064253278444	0.03667
992	0.014025148174007308	0.011118843520534492	0.05821482325490958	0.0153822476151405	0.02596
998	0.01091903519525297	0.004263403693860997	0.00682269471125802	0.00585751984042779	0.06443
999	0.01024255046675126	0.007889421453423839	0.04595255197355628	0.0077098979096229025	0.06568
1000	0.0113573210756907	0.00947580422323258	0.04501327025082636	0.007797510385868618	0.04386
1001	0.0020866219090404895	0.003994285188268443	0.009929549640287768	0.0032416616210914477	0.02242
1003	0.008441767175387551	0.011798721850452528	0.010868831363017691	0.014293349696086614	0.06171
1010	0.011462128568838853	0.011812885982325818	0.027363031285242072	0.010025370496116794	0.06034
1011	0.011585991969832125	0.014489906906378072	0.01912625310130274	0.00609532513309473	0.03438
1014	0.011185817905084633	0.05926272775785519	0.0014244052498541705	0.003066436668600018	0.00716
1015	0.010375941821667092	0.004773312441299522	0.002105642543262687	0.00277856710379267	0.01646
1016	0.008546574668535704	0.005835622331796448	0.00355069134746257	0.008198024562991886	0.04889
1017	0.01731229227729027	0.018370879039660178	0.01271642947695897	0.05925106607817341	0.09796
1019	0.026678270983166073	0.030084616098872946	0.016597417693952943	0.029387727746419765	0.05969
1020	0.0010576028854040838	0.0041075982432547805	0.002982993602955473	0.0025657939471959335	0.06086
1021	0.012376812145404547	0.021869419612363387	0.029953797355629006	0.011327041571767414	0.11884
1023	0.0013624974109259817	0.00307361661650444	0.0252780322963251	0.0018774102052653173	0.01723
1024	0.0023915164345623876	0.0015438903741888661	0.018651451351351347	0.0013392192797559263	0.00414
1025	0.009156363719579499	0.010920545674308401	0.030046693350184714	0.012791421531874361	0.01726
1028	0.01344394298473119	0.012082004487918373	0.022666622671592453	0.01590792247261479	0.01576
1035	0.0006860126824242705	0.0030594524846311475	0.0021985385378183934	0.003166565212880835	0.00133
1038	0.022171548777795518	0.030226257417605873	0.06532652772700757	0.005619714547760849	0.12532
1040	0.012090973527727767	0.009617445541965504	0.03366963713785728	0.012228198470294764	0.11035
1041	0.010785643840337141	0.013682551389600409	0.03696228405599844	0.007797510385868618	0.10864
1043	0.0020580380472728114	0.004914953760032445	0.03622943787672564	0.0021527637020375637	0.15972
1044	0.0060883625565154005	0.007322856178492145	0.029489317382850475	0.009299438550080872	0.01364
1046	0.0007050685902693891	0.004065105847634904	0.0022398256465098187	0.002415601130774708	0.00281
1047	0.0024582121120203023	0.0034418840452100407	0.0007328461792727979	0.00349198298179349	0.00365
1048	0.0429234324211297	0.04604759272007342	0.017908283394905695	0.015294635138894784	0.0061
1050	0.0014196651344613375	0.004730820045679644	0.012933186797588954	0.001088897919053884	0.00244
1051	0.017788689973418235	0.02205355332671619	0.024823874100719418	0.021001962162901348	0.01562
1055	0.0034300634121213524	0.010155682553150615	0.031956222127163134	0.004806170125479212	0.04704
1056	0.013663085924950054	0.016671183214865094	0.044734582267159234	0.011264461231591902	0.06188
1057	0.01563537238691983	0.021076228227459016	0.0396872332296325	0.011076720211065372	0.07709
1059	0.030937266386550085	0.011232156575520832	0.035775279681119966	0.011101752347135575	0.06603
1060	0.015730651926145426	0.01019817494877049	0.0431863156912308	0.008886408304922502	0.08728
1061	0.019961063467761758	0.009150029190146857	0.03013958934474042	0.008010283542465354	0.0288
1063	0.0034681752278115895	0.002436230682206284	0.021603479622788253	0.0021402476340024613	0.00426
1066	0.004077964278855386	0.005764801672429986	0.0542409390433599	0.006120357269164934	0.08156
1067	0.008765717608754567	0.009065044398907103	0.05176371252187439	0.009549759910782912	0.09052
1069	0.007812922216498637	0.005155744001878415	0.07109640116663425	0.006383194697902079	0.12126
1071	0.006869654778165264	0.0027478415834187157	0.010063732743534901	0.0005507069935444931	0.00447
1073	0.001372025364848541	0.004872461364412568	0.02498902253548512	0.0027285028316522612	0.0441
1074	0.020199262315825743	0.016288751654286202	0.03139884615982889	0.046910222995562724	0.07061
1075	0.002381988480639828	0.0015155621104422812	0.027600432160217767	0.0019149584093706234	0.01202
1080	0.0034014795503536743	0.00699708114540642	0.0121900188411433	0.00479365405744411	0.05729
1082	0.020818579320792098	0.019673979172003073	0.0416483708924752	0.017735268405739697	0.09038
1085	0.00443049857399008	0.006699634376067281	0.013779572525763173	0.005594682411690645	0.01304
1088	0.0010004351618687277	0.0018130088797814207	0.011199128232549095	0.001852378069195113	0.00121
1089	0.0010004351618687277	0.0012039512092298496	0.0028384887225354847	0.0029037277841436906	0.00603
1092	0.0033443118268183187	0.0018130088797814207	0.020282292144662647	0.0036922400703551235	0.01097
1094	0.0033728956885859967	0.005141579870005123	0.013284127221466067	0.0038674650228465533	0.01814
1097	0.00816545651163333	0.01038230866312329	0.05659430423877113	0.0591759696699628	0.08402
1098	0.007803394262576076	0.012166989279158128	0.06103266842309935	0.023793045334729118	0.11126
1100	0.00913730781173438	0.009447475959485996	0.06897011506902585	0.022416277850867885	0.0616
1104	0.023467350511263585	0.011557931608606558	0.022511796013999608	0.06231750274677343	0.05997
1105	0.016788254811549507	0.015169785236296106	0.016287764378767253	0.04404404341552434	0.09772
1106	0.0038207095229462838	0.00488662549628586	0.005718264553762394	0.01456870319285886	0.06777
1111	0.0013529694570034224	0.0027336774515454233	0.00279720161384406	0.01822339505910868	0.00609
1113	0.003420535458198793	0.0021387839128671447	0.007049773809060859	0.0019024423413355215	0.00861
1114	0.011890886495354022	0.013073493719048838	0.008463857281742173	0.006233001881480853	0.01351
1115	0.01064272453149875	0.011317141366760588	0.01148813799338907	0.017071916799879284	0.00882
1116	0.0017340876139057947	0.0012322794729764342	0.0014450488041998831	0.0018899262733004193	0.0038
1117	0.002410572342407506	0.002152948044740437	0.002157251429126968	0.0008135444222816374	0.00377
1118	0.009480314152946517	0.009390819431992827	0.023956844818199492	0.009612340250958425	0.02689
1121	0.0017245596599832355	0.0006232218024248634	0.008907693700174994	0.002177795838107768	0.01027
1122	0.0161117700830478	0.011841214246072403	0.04078134160995528	0.030639334549929974	0.03767
1123	0.0017626714756734728	0.004022613452015027	0.010435316721757727	0.004092754247478392	0.00286
1124	0.004306635172996809	0.01393750576331967	0.003055246043165467	0.0019274744774057256	0.00887
1126	0.03284285717106195	0.018979936710211746	0.029179664067664784	0.01355490168201559	0.12467
1127	0.018379423116616913	0.010438965190616462	0.019219149095858448	0.008786279760641684	0.03825
1129	0.0021152057708081675	0.0012322794729764342	0.002188216760645537	0.0016145727765281726	0.00143
1132	0.004354274942609606	0.004206747166367828	0.00970247054248493	0.005269264642777991	0.01398
1135	0.004382858804377283	0.0035127047045765024	0.003530047793116857	0.0042554631319347185	0.06633
1136	0.04823050275599523	0.05216649768933572	0.012489350379156133	0.00846086199172903	0.06786
1138	0.038826412234429196	0.03075033029691769	0.00355069134746257	0.0041428185196188	0.0096
1140	0.03692082144991733	0.01909324976519809	0.01199390507485903	0.04655977309057986	0.00483
1141	0.03374801279370508	0.005283221188738045	0.003777770445265409	0.004931330805830233	0.00362
1143	0.024448729765287194	0.0034843764408299177	0.08493790435543457	0.0011014139870889862	0.0
1146	0.09430768792549207	0.05477269795402152	0.10095730252770754	0.008698667284395969	0.11751
1149	0.026840246199849583	0.010283159740010246	0.0475317838810033	0.004756105853338803	0.00675
1160	0.009327866890185567	0.006600485452954235	0.05994888181994944	0.011289493367662107	0.07628
1165	0.018388951070539474	0.015948812489327183	0.08682678957806726	0.016358500921878464	0.11383
1167	0.00373495793764325	0.004546686331326844	0.01803214472097997	0.006120357269164934	0.02949
1171	0.007660474953737687	0.008101883431523224	0.004820269939723895	0.003416886573582877	0.00954
1175	0.0010194910697138464	0.00699708114540642	0.0584212587983667	0.005544618139550236	0.08439
1176	0.013377247307273275	0.01695446585233094	0.12318008878086718	0.006070292997024526	0.16146
1178	0.0016959757982155574	0.002450394814079576	0.003302968695314019	0.001326703211720824	0.0046
1179	0.001705503752138117	0.003994285188268443	0.0025081918530040826	0.0005381909255093909	0.00306
1182	0.00818451241947845	0.01525477002753586	0.08550560209994165	0.009612340250958425	0.09905
1184	0.010861867471717617	0.010991366333674863	0.09126515376239548	0.010663689965907	0.11321
1185	0.009851904355926328	0.010084861893784151	0.09273084612094108	0.009599824182923322	0.1196
1192	0.0013339135491583036	0.0023937382865864072	0.0013831181411627454	0.002102699429897155	0.00358
1197	0.02009445482267759	0.018441699699026638	0.07066288652537428	0.03378086762674061	0.09677
1200	0.005488101459394164	0.011614588136099727	0.005986630760256659	0.006833773147165754	0.00265
1201	0.008718077839141771	0.00970243033320526	0.013160265895391793	0.016909207915422955	0.00598
1204	0.0010099631157912872	0.0036260177595628415	0.0	0.0016020567084930708	0.0012
1208	0.014653993132896222	0.015297262423155737	0.014471131596344543	0.020739124734164206	0.04648
1212	0.006402785035959858	0.006359695211108265	0.09002654050165272	0.010663689965907	0.10976
1214	0.004116076094545623	0.0027478415834187157	0.004644799727785339	0.0024406332668449123	0.00838
1215	0.00760330723020233	0.011954527301058742	0.01029081184133774	0.016759015099001733	0.01851
1217	0.013977508404394512	0.010991366333674863	0.017227046101497178	0.014493606784648248	0.02763
1218	0.010899979287407853	0.01127464897114071	0.028962906747034802	0.009149245733659645	0.02985
1222	0.008794301470522245	0.007896503519360484	0.02281628844059887	0.004349333642197984	0.016735
1224	0.02272893408226524	0.01397999815893955	0.0360384849990278	0.013961673893156409	0.07846
1225	0.02606848193212228	0.021664039700200647	0.04113228203383239	0.010551045353591082	0.085895
1228	0.003973156785707233	0.011005530465548155	0.024896126540929417	0.0017772816609845001	0.01804
1231	0.02134738076349414	0.025020938954170933	0.1635485593039082	0.026189872363451175	0.052180000000000004
1232	0.0027869265223485983	0.004638753188503244	0.012055835737896167	0.002759793001740016	0.055165000000000006
1233	0.010433109545202447	0.00929167050887978	0.025298675850670808	0.017729010371722146	0.089695
1235	0.012095737504689048	0.009220849849513319	0.015952306620649424	0.0061015831671122804	0.07295499999999999
1236	0.010328302052054294	0.020261790644744704	0.013758928971417459	0.010444658775292714	0.084025
1239	0.006116946418283079	0.005722309276810109	0.03351481048026443	0.005600940445708196	0.063375
1240	0.013205744136667207	0.016019633148693646	0.012597729039471125	0.0236804007224132	0.078155
1241	0.002424864273291345	0.004263403693860997	0.0036951962278825583	0.0038612069888290025	0.06587
1243	0.016864478442929983	0.018399207303406762	0.012159053509624729	0.01617701793536948	0.07954
1245	0.02507757472417611	0.028746105636846823	0.020328740141940495	0.0041115283495310444	0.07472999999999999
1246	0.020413641279083326	0.012839785543139514	0.0065440067275909	0.010281949890836388	0.068385
1247	0.023943748207391553	0.02400820352523053	0.009490874110441375	0.013836513212805386	0.04485
1249	0.002872678107651633	0.003859725935472165	0.001439887915613455	0.0031227589747579772	0.00191
1255	0.014525365754941672	0.013611730730233949	0.012726751254131828	0.014962959335964579	0.101605
1256	0.006817251031591188	0.008753433497694672	0.009929549640287768	0.007691123807570249	0.08778
1257	0.014077551920581384	0.012953098598125854	0.009867618977250631	0.012447229660909052	0.09218499999999999
1258	0.019942007559916642	0.023937382865864068	0.013944720960528874	0.01319193570899763	0.15640500000000002
1260	0.0009718513001010499	0.0018342550775913595	0.0017908283394905695	0.0021903119061428703	0.003445
1261	0.002529671766439497	0.004157172704811305	0.002523674518763367	0.005112813792339214	0.00206
1262	0.001176702309436075	0.0012535256707863728	0.005429254792922418	0.0045433326967420674	0.0
1264	0.0014434850192677356	0.0021246197809938524	0.021458974742368266	0.0018774102052653173	0.001105
1266	0.0012100501481650326	0.0023087534953466528	0.0018682416682869918	0.0010638657829836798	0.03826
1268	0.0022104853100337603	0.002733677451545423	0.002513352741590511	0.001326703211720824	0.02097
1269	0.0016959757982155574	0.0026274464624957304	0.0014708532471320239	0.0025970841172836888	0.014940000000000002
1272	0.010923799172214251	0.010835560883068647	0.008061307972000777	0.03469454059330306	0.1
1273	0.010757059978569464	0.009065044398907103	0.008087112414932917	0.028999729637331603	0.091835
1275	0.02285279748325851	0.021026653765902494	0.03270455097219521	0.03246042244903733	0.05862
1276	0.0020008703237374558	0.001699695824795082	0.002286273643787672	0.002409343096757157	0.019035000000000003
1277	0.0017340876139057947	0.0036614280892460723	0.0014966576900641646	0.0027848251378102206	0.031985
1278	0.009084904065160304	0.008781761761441256	0.012293236612871863	0.008704925318413522	0.07566
1279	0.020123038684445267	0.014928994994450136	0.014047938732257436	0.013004194688471096	0.109325
1285	0.0010718948162879226	0.002152948044740437	0.020958368549484734	0.003066436668600018	0.00513
1286	0.0010385469775589648	0.001267689802659665	0.02821973879058915	0.002409343096757157	0.00507
1290	0.0005430933735858808	0.0012464436048497268	0.014698210694147382	0.0027034706955820567	0.00348
1291	0.0008194040373401009	0.0014872338466956965	0.008835441259965	0.0013517353477910284	0.00722
1292	0.005716772353535587	0.007195378991632514	0.03351481048026443	0.004067722111408187	0.03621
1293	0.008679966023451533	0.010396472794996585	0.043599186778145047	0.005406941391164113	0.04734
1294	0.0021819014482660822	0.0024787230778261613	0.21355756970639703	0.0016270888445632748	0.04056
1298	0.004602001744596148	0.003965956924521858	0.045415819560567755	0.0062455179495159545	0.06184
1299	0.0064885366212628914	0.00838516606898907	0.056325938032276875	0.010551045353591082	0.0874
1301	0.0016292801207576423	0.004206747166367828	0.007194278689480847	0.003804884682671043	0.00863
1306	0.0010766587932492023	0.0027053491877988387	0.002177894983472681	0.005394425323129011	0.13978
1307	0.0024201002963300656	0.004914953760032445	0.0036332655648454205	0.005657262751866155	0.01356
1313	0.03558690790075903	0.013795864444586749	0.010889474917363405	0.01966274288314542	0.08515
1316	0.0036968461219530134	0.006062248441769125	0.0015173012444098773	0.0038674650228465533	0.0344
1318	0.01595932282028685	0.025282975393826845	0.0372306502624927	0.015169474458543764	0.06845
1319	0.001648336028602761	0.002521215473446038	0.0007534897336185104	0.0019149584093706234	0.10956
1320	0.0008194040373401009	0.0035127047045765024	0.002270790978028388	0.004092754247478392	0.0
1321	0.0005716772353535587	0.0031444372758709016	0.0030965331518568923	0.0011014139870889862	0.0069
1322	0.0019722864619697773	0.0018413371435280052	0.0015173012444098773	0.0016396049125983769	0.01075
1324	0.03241409924454678	0.06178394323130122	0.02513352741590511	0.004893782601724927	0.09254
1325	0.011157234043316954	0.024149844843963455	0.017732813182967138	0.012478519830996808	0.16393
1328	0.001372025364848541	0.0022662610997267758	0.08161429210577482	0.0065834517864637124	0.00138
1330	0.011300153352155345	0.014277444928278689	0.008649649270853587	0.013504837409875181	0.09382
1333	0.0005526213275084401	0.0030594524846311475	0.0014760141357184522	0.0013767674838612326	0.0025
1334	0.003296672057205522	0.0035410329683230875	0.0022191820921641063	0.004355591676215536	0.00493
1336	0.009956711849074481	0.03470212308956626	0.010363064281547733	0.008786279760641684	0.0685
1337	0.010223494558906141	0.00862595631083504	0.008143882189383627	0.008223056699062089	0.08511
1338	0.013786949325943324	0.01038230866312329	0.009919227863114912	0.01337967672952416	0.05848
1341	0.005945443247677011	0.0031444372758709016	0.03637394275714563	0.003817400750706145	0.01711
1344	0.08271216800173739	0.08303014104123975	0.05866898145051526	0.0062455179495159545	0.21875
1347	0.03521531769777922	0.031458536890582305	0.003891309994166828	0.01018807938057312	0.00154
1349	0.017779162019495677	0.04706741021495048	0.014543384036554538	0.0254451663153626	0.12021
1354	0.006555232298720807	0.007747780134690915	0.013573136982306045	0.0060077126568490145	0.06471
1355	0.008241680143013805	0.01266273389472336	0.0292932036165662	0.005807455568287381	0.08502
1356	0.007298412704680434	0.013158478510288592	0.00919670346101497	0.0153822476151405	0.01873
1357	0.002867914130690353	0.0020396349897540984	0.003086211374684036	0.0011139300551240882	0.0038
1358	0.1332674915148371	0.022506805546661544	0.012066157515069025	0.015582504703702132	0.01176
1363	0.004964063993653402	0.0049574461556523225	0.05393128572817421	0.0077098979096229025	0.07532
1364	0.008517990806768025	0.006203889760502049	0.07470902317713396	0.012616196579382932	0.08483
1366	0.01719795683021956	0.010396472794996585	0.07395553344351545	0.01864894137230215	0.12892
1369	0.0019151187384344218	0.0022237687041068988	0.034928893952945746	0.0068462892152008565	0.0036
1370	0.001610224212912524	0.0012322794729764342	0.028426174334046272	0.006207969745410649	0.00213
1374	0.008622798299916178	0.00958911727821892	0.0650375179661676	0.017297206024511125	0.08727
1375	0.0035253429513469456	0.003215257935237363	0.05781227394516818	0.007897638930149433	0.13349
1384	0.01965616894223986	0.022591790337901294	0.029427386719813334	0.05614708120546808	0.0064
1385	0.002477268019865421	0.017096107171063867	0.015823284405988722	0.05712333451220605	0.00322
1388	0.003649206352340217	0.012577749103483606	0.01199390507485903	0.004005141771232677	0.00246
1390	0.024896543599647485	0.00723787138725239	0.06076430221660509	0.010338272196994347	0.09956
1391	0.014110899759310342	0.011685408795466189	0.025649616274547926	0.012491035899031909	0.04122
1398	0.011576464015909563	0.017691000709742142	0.02770364993194633	0.020175901672584606	0.09529
1399	0.002477268019865421	0.0022520969678534834	0.005996952537429515	0.002490697538985321	0.05785
1402	0.012272004652256394	0.014277444928278689	0.00757618444487653	0.015069345914262946	0.0129
1404	0.020942442721785366	0.014008326422686132	0.020819024557651174	0.03160307178863284	0.09518
1405	0.012919905518990426	0.013668387257727118	0.023874270600816642	0.014844056689631109	0.04501
1408	0.010233022512828701	0.01655787015987876	0.20610524658759477	0.0062955822216563635	0.00245
1410	0.015197086506482101	0.018611669281506146	0.0464686408321991	0.009712468795239241	0.09585
1417	0.002963193669915946	0.0036826742870560104	0.006554328504763756	0.003229145553056345	0.00106
1418	0.001619752166835083	0.0022096045722336064	0.005109279700563873	0.0013517353477910284	0.00213
1422	0.0024486841580977432	0.0049574461556523225	0.02217117736729535	0.0036046275941094092	0.021
1424	0.011871830587508904	0.011090515256787909	0.057079427765895384	0.03544550467540919	0.09024
1425	0.0016388080746802018	0.002237932835980191	0.07400714232937973	0.0063706786298669766	0.12338
1432	0.0018865348766667438	0.0012322794729764342	0.012509993933501846	0.0024281171988098102	0.0
1433	0.0018865348766667438	0.0032010938033640705	0.008123238635037914	0.0026909546275469547	0.0
1434	0.0024296282502526247	0.0032010938033640705	0.007390392455765117	0.0016145727765281726	0.00106
1440	0.005735828261380706	0.00373933081454918	0.0620854896947307	0.004355591676215536	0.05179
1441	0.01192899831104426	0.013101821982795423	0.05102054456542873	0.014593735328929066	0.14461
1443	0.0032871441032829626	0.008186868222762978	0.02339946885086525	0.003817400750706145	0.0
1448	0.008613270345993618	0.008101883431523224	0.08406055329574177	0.01130200943569721	0.18511
1451	0.001896062830589303	0.0017280240885416665	0.009465069667509233	0.0032541776891265497	0.0013
1459	0.0075366115527444166	0.00801689864028347	0.0037984139996111214	0.06876327778485102	0.0
1460	0.010023407526532396	0.0067704550354337435	0.0037984139996111214	0.07239293751503063	0.00228
1461	0.030317949381583734	0.02339914585467896	0.04699505146801477	0.05792436286645259	0.07588
1464	0.12782702982505573	0.02230850770043545	0.08570171586622594	0.0042804952680049226	0.14761
1465	0.00956606573824955	0.021444495656164617	0.03294711273575733	0.006020228724884117	0.03404
1466	0.016854950489007425	0.02195440440360314	0.06915590705813728	0.00928692248204577	0.09505
1467	0.020418405256044606	0.015226441763789273	0.07615407198133384	0.009324470686151075	0.07715
1469	0.02257172284254301	0.016798660401724726	0.007462644895975111	0.0021903119061428703	0.00744
1470	0.003677790214107895	0.01692613758858436	0.008649649270853587	0.004630945172987783	0.00915
1473	0.009061084180353906	0.011855378377945697	0.011292024227104801	0.007697381841587801	0.00543
1474	0.005221318749562502	0.0035127047045765024	0.011942296188994748	0.004943846873865336	0.00538
1475	0.004945008085808283	0.009008387871413934	0.012726751254131828	0.010663689965907	0.00648
1476	0.007184077257609721	0.011798721850452528	0.007266531129690841	0.009712468795239241	0.0012
1478	0.0008289319912626602	0.0007648631211577869	0.004314502858253936	0.002503213607020423	0.00506
1479	0.0076795308615828055	0.008753433497694672	0.07612310664981527	0.1266626085152334	0.09999
1480	0.012224364882643597	0.01434826558764515	0.08545399321407737	0.040602124705871254	0.06596
1483	0.0022200132639563198	0.0022520969678534834	0.005666655667898113	0.0022403761782832784	0.0
1486	0.01759813089496705	0.01606212554431352	0.03216265767062026	0.016208308105457238	0.09894
1489	0.005202262841717384	0.007931913849043716	0.0037364833365739836	0.005707327024006564	0.00118
1493	0.017140789106684203	0.026869358163635587	0.04187544999027804	0.017447398840932347	0.13441
1496	0.013110464597441614	0.020934586908726092	0.015007864009333073	0.019637710747075217	0.01595
1497	0.0019818144158923368	0.010212339080643784	0.0038293793311296905	0.00307895273663512	0.00885
1499	0.03714949234405875	0.0373933081454918	0.04290762770756368	0.03474460486544347	0.15076
1502	0.0017245596599832355	0.0025637078690659153	0.0038397011083025467	0.0014143156879665387	0.00126
1503	0.027926432947021344	0.02701099948236851	0.013273805444293213	0.027084771227960974	0.00575
1504	0.001676919890370439	0.00253537960531933	0.00422160686369823	0.001389283551896335	0.00252
1506	0.005831107800606299	0.009801579256318305	0.07221115310130273	0.008273120971202499	0.0801
1507	0.0021628455404209637	0.0044475374082137975	0.06844370443321017	0.004868750465654722	0.08391
1512	0.0013624974109259817	0.003215257935237363	0.014233730721368848	0.0024406332668449123	0.00109
1515	0.014472962008367595	0.011671244663592897	0.035145651273575725	0.011201880891416391	0.02164
1516	0.012672178717003884	0.011954527301058742	0.03948079768617538	0.013705094498436815	0.01641
1518	0.0016864478442929984	0.002025470857880806	0.0024669047443126577	0.006170421541305343	0.00112
1519	0.008108288788097974	0.007818600794057376	0.012984795683453235	0.009487179570607403	0.00677
1520	0.008060649018485178	0.015382247214395491	0.02362654794866809	0.013479805273804978	0.00737
1521	0.0014196651344613375	0.0025778720009392076	0.023750409274742364	0.007484608684991065	0.00395
1522	0.015349533769243051	0.0079602421127903	0.036755848512541316	0.008022799610500455	0.03932
1523	0.0069839902252359755	0.020509662952527322	0.05432351326074275	0.02633380714585485	0.10243
1524	0.012691234624849003	0.020608811875640367	0.04184448465875947	0.025645423403924235	0.0643
1527	0.002734522775774523	0.0044900298038336745	0.02516449274742368	0.006595967854498815	0.01504
1528	0.003239504333670166	0.0032010938033640705	0.0858255771923002	0.0029788241923543036	0.00551
1529	0.0008098760834175415	0.0012322794729764342	0.029179664067664784	0.0019024423413355215	0.0234
1532	0.0037730697533334876	0.0017138599566683742	0.03664230896363989	0.0018899262733004193	0.02829
1535	0.0016578639825253203	0.0014872338466956965	0.030635034649037524	0.0048812665336898245	0.00127
1536	0.0010957147010943209	0.0022237687041068988	0.04156579667509235	0.0027159867636171587	0.01224
1537	0.02092338681394025	0.01186954250981899	0.03608493299630565	0.007885122862114333	0.13751
1540	0.008556102622458263	0.008342673673369194	0.044744904044332096	0.009186793937764953	0.06102
1541	0.008641854207761297	0.0075211540247182365	0.06781407602566594	0.009950274087906181	0.09971
1542	0.011443072660993734	0.010042369498164274	0.0809846636982306	0.01272884119169885	0.09474
1543	0.016416664608569692	0.0133284480927681	0.09528032508263658	0.015482376159421317	0.16462
1545	0.0036110945366499793	0.00475914830942623	0.0025598007388683646	0.0033042419612669583	0.00134
1546	0.002467740065942862	0.004730820045679644	0.0007947768423099356	0.0016396049125983769	0.00123
1548	0.0013624974109259817	0.0032577503308572403	0.008897371923002138	0.0035670793900041027	0.00152
1550	0.004611529698518707	0.004730820045679644	0.059969525374295146	0.005732359160076768	0.05747
1551	0.006764847285017112	0.01519811350004269	0.15440346472875752	0.015019281642122538	0.29262
1553	0.004668697422054063	0.0045325221994535515	0.0030242807116468984	0.0016521209806334791	0.00571
1554	0.346341125085031	0.01056644237747609	0.0771346408127552	0.010701238170012308	0.13351
1556	0.003391951596431115	0.0068979322222933745	0.06389180069998054	0.0032666937571616517	0.11345
1557	0.010071047296145193	0.043186438081668374	0.06451110733035192	0.007334415868569839	0.08667
1561	0.005326126242710656	0.005084923342511953	0.021015138323935444	0.003917529294986961	0.00968
1562	0.011976638080657055	0.01616127446742657	0.024813552323546564	0.01550740829549152	0.00647
1563	0.002563019605168455	0.006657141980447404	0.022666622671592453	0.0025532778791608314	0.00326
1564	0.02699269346261053	0.030608688978184768	0.028890654306824807	0.033367837381582235	0.00218
1566	0.01134779312176814	0.009985712970671105	0.006678189830838031	0.016083147425106217	0.00375
1567	0.0037063740758755724	0.007407840969731899	0.005728586330935251	0.007096610575902899	0.00373
1568	0.00913730781173438	0.0060055919142759555	0.028075233910169157	0.009136729665624543	0.03495
1569	0.010776115886414583	0.0107364119599556	0.06818566000388876	0.011602395068539662	0.1245
1571	0.00387787724648164	0.0019971425941342213	0.0620854896947307	0.004668493377093089	0.07332
1574	0.009489842106869074	0.0073936768378586055	0.06614194812366322	0.007847574658009027	0.04179
1575	0.0013624974109259817	0.0009914892311304645	0.02158283606844254	0.0027159867636171587	0.01903
1576	0.0016388080746802018	0.0017421882204149588	0.03120273239354462	0.0014143156879665387	0.0023
1577	0.002200957356111201	0.0012464436048497268	0.02516449274742368	0.0006132873337200036	0.00842
1578	0.0005526213275084401	0.0022520969678534834	0.03320515716507874	0.004468236288531454	0.00923
1579	0.0038588213386365213	0.003994285188268443	0.030129267567567564	0.05925106607817341	0.0164
1580	0.006860126824242705	0.006968752881659835	0.06453175088469765	0.1012049261318357	0.35457
1581	0.011719383324747954	0.0101840108168972	0.07273756373711841	0.07917664639005598	0.12698
1582	0.0011338265167845582	0.0015297262423155738	0.03645651697452848	0.10503484295057694	0.01286
1583	0.0016959757982155574	0.0027903339790385927	0.019270757981722727	0.059125905397822386	0.004
1585	0.026668743029243516	0.025197990602587088	0.05078314369045304	0.100015899668501	0.02514
1586	0.0014101371805387783	0.004334224353227459	0.04935873844059887	0.11805155370708315	0.10971
1587	0.007812922216498637	0.013880849235826501	0.08819958594205715	0.12989175406828973	0.09621
1588	0.0008384599451852195	0.0022945893634733604	0.028849367198133382	0.034606928117057345	0.0888
1589	0.007060213856616451	0.00970243033320526	0.05441640925529846	0.03474460486544347	0.05394
1596	0.002658299144394048	0.002471641011889515	0.0328851820727202	0.022397503748815235	0.016105
1597	0.007022102040926213	0.006827111562926912	0.056496247355629005	0.07947703202289842	0.047439999999999996
1601	0.005664368606961512	0.008512643255848702	0.02873066676064553	0.016721466894896425	0.056444999999999995
1603	0.01661198766398216	0.016444557104892416	0.1012050251798561	0.10962823991945943	0.110625
1605	0.014234763160303612	0.015113128708802935	0.0864655273770173	0.0988894535453418	0.11482
1606	0.0075223196218605765	0.007606138815957991	0.05568598784755978	0.06607232315730406	0.07722
1608	0.007265064865951475	0.008491397058038764	0.022284716916196767	0.010025370496116794	0.05655
1609	0.0015006527428030917	0.0023370817590932375	0.011875204637371182	0.007152932882060858	0.02544
1610	0.0021104417938468878	0.0026062002646857923	0.008701258156717868	0.005963906418726158	0.01778
1611	0.00567389656088407	0.008512643255848702	0.07072481718841142	0.09017827019291073	0.08171
1612	0.012691234624849003	0.011557931608606558	0.07937962734785144	0.09332606130373891	0.11709
1615	0.002682119029200446	0.003880972133282104	0.01962685929418627	0.01827345933124909	0.01806
1617	0.0025868394899748533	0.0020467170556907445	0.044636525384017106	0.037116399758095324	0.101895
1621	0.019546597472130427	0.02014847758975837	0.09499647621038304	0.11008507640274065	0.10358500000000001
1623	0.017569547033199368	0.01747853873164276	0.04256184817227298	0.043737399748664335	0.06136
1625	0.011724147301709233	0.012669815960660006	0.07846615006805366	0.08003399705046048	0.083485
1626	0.012553079292971893	0.011791639784515879	0.07067836919113357	0.07112255660946777	0.08754999999999999
1627	0.0016816838673317184	0.002669938858115608	0.009697309653898502	0.017096948935949485	0.01524
1629	0.0023200567801431923	0.0027478415834187157	0.009650861656620649	0.009606082216940872	0.017615
1635	0.014549185639748068	0.012131578949474897	0.027605593048804195	0.028023476330593634	0.038105
1636	0.011814662863973547	0.01356923833461407	0.017815387400349988	0.02552652075759076	0.022375
1639	0.007041157948771332	0.008406412266799008	0.03350448870309158	0.04565861619205251	0.032825
1640	0.018955864328931753	0.011763311520769296	0.04930196866614816	0.06431381559837221	0.053175
1641	0.0017245596599832355	0.0018130088797814205	0.0661729134551818	0.08315675602521845	0.04739
1643	0.025696891729142465	0.007138722464139344	0.0889066276783978	0.09035975317941972	0.10008500000000001
1646	0.0018007832913637099	0.0069829170135331286	0.015255586661481623	0.023473885599834016	0.02262
1647	0.008013009248872383	0.008023980706220115	0.04367143921835504	0.04259843755747005	0.06182
1648	0.005183206933872266	0.0037039204848659493	0.03265294208633093	0.025038394104221783	0.037785
1649	0.014268110999032569	0.012082004487918373	0.07523543381294963	0.07260571067162737	0.09382
1650	0.01591644702763533	0.012266138202271175	0.06974424835699007	0.07706768892614127	0.09583
1656	0.006955406363468298	0.007613220881894637	0.00382937933112969	0.003235403587073897	0.015115
1657	0.007045921925732612	0.005403616309661031	0.0059350218743923775	0.006952675793499225	0.005235
1660	0.021233045316423428	0.010233585278453724	0.0757979706688703	0.08162979572493599	0.08682000000000001
1661	0.04399532723741762	0.03143729069277237	0.11492782793116857	0.12564254897037258	0.12238000000000002
1662	0.07938691208276419	0.013597566598360653	0.026955321086914247	0.02389943191302749	0.022065
1665	0.021809486528738264	0.015481396137508537	0.027104986855920665	0.03493860391998756	0.03567
1669	0.021042486237972242	0.02570081728408897	0.06640515344157107	0.07024017381299306	0.08102000000000001
1671	0.01301518505821602	0.022181030513575818	0.05098957923391016	0.05751133262129422	0.06262999999999999
1672	0.011004786780556004	0.011048022861168032	0.0862487700563873	0.08260604903167396	0.10404
1675	0.0028488582228452346	0.0030027959571379778	0.03608493299630565	0.026283742873714443	0.03657
1676	0.01481596834957973	0.014815681939463797	0.06387115714563484	0.07065320405815144	0.06846
1677	0.001676919890370439	0.002450394814079576	0.016896749231965776	0.01874906991658297	0.01346
1679	0.00124816196385527	0.00186966540727459	0.0051815321407738665	0.005882551976497994	0.0084
1682	0.007060213856616451	0.010113190157530736	0.014729176025665952	0.011389621911942925	0.02101
1684	0.0019818144158923368	0.002974467693391393	0.019301723313241297	0.018386103943565005	0.02338
1688	0.014587297455438308	0.03247835438545935	0.05106183167412016	0.0603399639972273	0.04491
1693	0.010595084761885955	0.01308765785092213	0.15886247246743143	0.19227183715523868	0.13842
1697	0.07669050112267992	0.07808685901746072	0.001878563445459848	0.0017772816609845003	0.00224
1698	0.04804947163146661	0.03508455465014515	0.0019404941084969858	0.0019900548175812364	0.00141
1699	0.01554009284769424	0.01856917688588627	0.012406776161773282	0.012741357259733953	0.01601
1701	0.017207484784142118	0.041954158608691935	0.08267743515457904	0.0864735140545205	0.06775
1703	0.1589834391518247	0.23967127542797984	0.04509584446820921	0.04941343660258315	0.03464
1706	0.01249114759247526	0.033838111045295424	0.011508781547734784	0.006120357269164934	0.03397
1710	0.015844987373216136	0.018724982336492488	0.19786846840365543	0.2123476102835425	0.1886
1712	0.0023057648492593535	0.002762005715292008	0.004397077075636787	0.004630945172987783	0.00635
1715	0.006850598870320145	0.00718121485975922	0.036549412969084184	0.03282964645607284	0.04858
1716	0.008603742392071059	0.00742200510160519	0.039274362142718254	0.03554563321969001	0.06384
1717	0.009861432309848888	0.011246320707394123	0.02368847861170523	0.015044313778192741	0.04954
1719	0.0020294541855051334	0.0024928872096994536	0.002786879836671203	0.0038549489548114512	0.00359
1720	0.012024277850269851	0.02618947983371755	0.013284127221466067	0.011389621911942925	0.0136
1723	0.00525943056525274	0.0037959873420423495	0.03906792659926113	0.043480820353944745	0.0335
1725	0.01413948362107802	0.01458905582949112	0.0616106879447793	0.062229890270527714	0.08692
1726	0.012958017334680664	0.013725043785220287	0.05856576367878669	0.05809958781894402	0.07909
1728	0.08428428039895967	0.06451762068284665	0.0733052614816255	0.06585955000070733	0.09379
1730	0.029689104422694818	0.029333917109588454	0.06603873035193465	0.06313104716905506	0.08156
1731	0.04531494885569209	0.032945770737278	0.08581525541512736	0.09051620402985848	0.1092
1732	0.028936396062812633	0.01742188220414959	0.012241627727007582	0.009912725883800875	0.02568
1733	0.04017938169143262	0.029758841065787228	0.0431140632510208	0.038374264595623084	0.07555
1735	0.0019055907845118626	0.030226257417605873	0.01711350655259576	0.011802652157101292	0.01682
1739	0.002534435743400777	0.002719513319672131	0.01662838302547151	0.011026655938924964	0.01446
1742	0.0023343487110270315	0.004504193935706967	0.05888573877114524	0.050877816562690095	0.04509
1743	0.007231717027222518	0.007761944266564206	0.08167622276881198	0.07628543467394738	0.09578
1744	0.022257300363098552	0.012747718685963113	0.07596827999222243	0.06913875982590408	0.08015
1745	0.0021342616786532856	0.002152948044740437	0.0812633516818977	0.06905114734965836	0.08131
1751	0.006116946418283079	0.00633136694736168	0.04215413797394516	0.039776064215554525	0.05345
1754	0.0030584732091415395	0.004589178726946721	0.017908283394905695	0.017297206024511125	0.02258
1755	0.009632761415707463	0.011331305498633879	0.049988366848143104	0.05023949709289989	0.06016
1756	0.006136002326128197	0.006841275694800204	0.015833606183161576	0.01373012663450702	0.02576
1757	0.010995258826633447	0.00916419332202015	0.02004489126968695	0.014293349696086614	0.0439
1758	0.0111000663197816	0.01151543921298668	0.016618061248298656	0.013016710756506199	0.03503
1759	0.001867478968821625	0.0021812763084870217	0.018279867373128523	0.016558758010440097	0.03667
1760	0.01343441503080863	0.014759025411970628	0.05300232578261714	0.048161829799072936	0.06527
1761	0.004058908371010267	0.004008449320141735	0.10825479898891696	0.0947216028896528	0.1112
1762	0.05164151026027147	0.03552364273821721	0.07271692018277269	0.06535890727930324	0.06993
1764	0.010757059978569463	0.0214728239199112	0.009052198580594983	0.007747446113728209	0.0156
1765	0.01897968421373815	0.023413309986552253	0.024658725665953722	0.019262228706022153	0.04002
1766	0.0015435285354546086	0.0031019448802510246	0.026289566459265015	0.019913064243847464	0.04186
1771	0.0021914294021886417	0.0027053491877988387	0.030955009741396068	0.026483999962276076	0.04796
1772	0.009108723949966703	0.008540971519595287	0.06703994273770171	0.058224748499295036	0.09435
1773	0.01287226574937763	0.011232156575520832	0.15949210087497567	0.14160679374914534	0.16637
1774	0.03753061050096113	0.013101821982795423	0.10952437758117828	0.09723733256470832	0.12326
1775	0.016816838673317184	0.004050941715761612	0.025174814524596533	0.0189368109371095	0.05316
1776	0.010051991388300074	0.10989949920487534	0.018775312677425625	0.012103037789943745	0.0249
1777	0.0034967590895792675	0.02893732141713627	0.01991070816643982	0.016446113398124178	0.0218
1779	0.0224573873954723	0.019291547611424178	0.062333212346879247	0.05477031372160685	0.06298
1780	0.018932044444125353	0.0181442529296875	0.060000490705813724	0.05776165398199625	0.06464
1781	0.020399349348199487	0.021387839128671447	0.0775578336768423	0.06679825510333999	0.08117
1786	0.023886580483856196	0.059149414702868844	0.08142850011666342	0.08183005281349762	0.07313
1787	0.024010443884849467	0.09454558025422644	0.09164705951779116	0.09016575412487564	0.07211
1790	0.016845422535084864	0.0470390819512039	0.0522798013805172	0.05132839501195377	0.04033
1792	0.010404525683434768	0.051274157381318304	0.031016940404433205	0.02620864646550383	0.02444
1793	0.004964063993653402	0.006557993057334357	0.02431810701924946	0.026058453649082606	0.0198
1800	0.03033700528942885	0.02080710972186646	0.044455894283492114	0.03935051790236105	0.06531
1801	0.002381988480639828	0.0044475374082137975	0.03774673912113552	0.027998444194523433	0.05025
1803	0.0018484230609765067	0.0034277199133367483	0.03882020394711257	0.028311345895400984	0.08278
1804	0.001372025364848541	0.0012464436048497268	0.0033958646898697253	0.0028786956480734865	0.00365
1807	0.0026487711904714887	0.0023087534953466528	0.034701814855142905	0.03515763511060184	0.0336
1808	0.005230846703485063	0.0017705164841615437	0.010920440248881976	0.010613625693766593	0.01174
1809	0.0020294541855051334	0.0033710633858435794	0.02588701714952362	0.026821933799223832	0.02944
1814	0.0024486841580977432	0.0028328263746584697	0.002714627396461209	0.002853663512003282	0.00249
1815	0.0022295412178788792	0.0025778720009392076	0.009248312346879251	0.011051688074995167	0.01061
1818	0.0274690911587385	0.024447291613302596	0.037540303577678395	0.03662201507070879	0.04731
1819	0.027354755711667785	0.030821150956284155	0.058256110363601	0.06016473904473587	0.06901
1824	0.004135132002390742	0.006600485452954235	0.03315354827921446	0.030589270277789567	0.04538
1825	0.012243420790488716	0.012733554554089822	0.10746002214660702	0.09792571630663895	0.13888
1829	0.02757389865188665	0.025523765635672813	0.08096402014388487	0.07296867664464532	0.10376
1837	0.008937220779360634	0.01188370664169228	0.2397335966167606	0.21777958381077678	0.3022
1839	0.002639243236548929	0.003597689495816257	0.007214922243826559	0.00841079771958862	0.0078
1841	0.007346052474293229	0.004305896089480874	0.09419653847948667	0.08301907927683233	0.13432
1842	0.0051355671642594695	0.006359695211108265	0.058039353042971024	0.05194168234567378	0.07881
1843	0.00900391645681855	0.012620241499103482	0.06360279093914058	0.0591759696699628	0.08872
1845	0.0032109204719024884	0.0035835253639429645	0.004748017499513902	0.005131587894391867	0.00574
1847	0.018646205826448575	0.01362589486210724	0.06923848127552011	0.061466410120386485	0.08589
1848	0.03623480876749306	0.012209481674778004	0.12559538463931555	0.10698734956405287	0.15503
1850	0.07427040082634985	0.004518358067580259	0.007865194205716507	0.009474663502572301	0.00911
1852	0.057625065323638716	0.19300046090548154	0.0024256176356212324	0.0020025708856163385	0.00163
1856	0.027897849085253668	0.06863938305797472	0.08378186531207465	0.07484608684991065	0.09861
1858	0.0029250818542257088	0.01880996712773224	0.015379447987555899	0.011740071816925783	0.01808
1860	0.013339135491583037	0.014121639477672471	0.12788681917168965	0.12014173706894521	0.16594
1861	0.011138178135471837	0.013710879653346993	0.05185660851643009	0.048312022615494166	0.06592
1863	0.0010671308393266428	0.0018130088797814207	0.005119601477736729	0.006170421541305343	0.00371
1864	0.0008098760834175415	0.0014305773192025272	0.0016618061248298657	0.0016020567084930708	0.00145
1865	0.0017912553374411506	0.0020113067260075137	0.002157251429126968	0.0021652797700726658	0.00183
1866	0.002963193669915946	0.0033710633858435794	0.0029933153801283293	0.004393139880320842	0.00209
1870	0.0021152057708081675	0.002634528528432377	0.02832295656231771	0.02717238370420669	0.03774
1871	0.008441767175387551	0.008286017145876024	0.0751941467042582	0.062129761726246895	0.09155
1872	0.01136684902961326	0.010708083696209016	0.0751941467042582	0.06285569367228282	0.09361
1873	0.0028869700385354717	0.0022237687041068988	0.08343092488819753	0.06210472959017669	0.12203
1876	0.003020361393451302	0.004560850463200136	0.043454681897725056	0.046409580274158646	0.04075
1879	0.0016959757982155574	0.0037959873420423495	0.014718854248493096	0.00941208316239679	0.02793
1880	0.001372025364848541	0.0026628567921789617	0.009960514971806339	0.007171706984113511	0.01297
1883	0.004325691080841927	0.003158601407744194	0.06551231971611898	0.061466410120386485	0.06904
1884	0.02989871940899112	0.012648569762850068	0.0714370198133385	0.06836276360772775	0.07418
1885	0.002105677816885608	0.0018555012754012975	0.09360819718063386	0.08870137416476868	0.08795
1887	0.005230846703485063	0.005439026639344262	0.07530768625315962	0.06468303960540772	0.09626
1889	0.00540234987409113	0.00711039420039276	0.06099138131440792	0.05479534585767706	0.07896
1890	0.01149071243060653	0.012152825147284836	0.026237957573400736	0.01965022681511032	0.04831
1891	0.0018103112452862694	0.003045288352757855	0.012262271281353295	0.010213111516643326	0.04041
1895	0.008441767175387551	0.005410698375597677	0.01238613260742757	0.009925241951835976	0.01266
1896	0.003811181569023725	0.004744984177552937	0.023832983492125214	0.0254451663153626	0.02451
1898	0.0072031331654548395	0.007124558332266051	0.07266531129690841	0.06280562940014241	0.09132
1899	0.010861867471717617	0.01230863059789105	0.04984386196772311	0.04106521922317004	0.07566
1903	0.008327431728316839	0.008512643255848702	0.08013827797005638	0.07472092616955962	0.11379
1905	0.0035158149974243865	0.0049999385512721995	0.036384264534318485	0.03564576176397082	0.0423
1907	0.0072031331654548395	0.005693981013063524	0.022542761345518175	0.02061396405381318	0.037
1908	0.010223494558906141	0.0161046179399334	0.058988956542873804	0.049763886507566	0.08067
1909	0.015778291695758218	0.01655787015987876	0.06212677680342212	0.0586002305403481	0.09488
1912	0.0072126611193774	0.0031019448802510246	0.01109591046082053	0.01111426841517068	0.0087
1913	0.008784773516599686	0.0028328263746584697	0.01716511543846004	0.01544482795531601	0.01445
1918	0.004783032869124775	0.006600485452954235	0.018290189150301377	0.021052026435041758	0.01473
1923	0.004935480131885724	0.005169908133751708	0.06717412584094885	0.06065286569810485	0.10109
1924	0.010747532024646905	0.013186806774035177	0.07973572866031498	0.0781378127431425	0.09813
1928	0.0019437026002020999	0.00211045564912056	0.004345468189772506	0.00585751984042779	0.00555
1929	0.0041256040484681815	0.005325713584357923	0.007349105347073691	0.00793518713425474	0.01516
1931	0.028812532661819358	0.03123191078060963	0.034763745518180046	0.03378086762674061	0.0415
1932	0.0021914294021886417	0.003880972133282103	0.0044177206299825	0.005819971636322483	0.00577
1933	0.003553926813114623	0.004815804836919398	0.04169997977833948	0.044719911089419855	0.0388
1936	0.003792125661178606	0.010538114113729508	0.046200274625704835	0.04783641203016028	0.03351
1937	0.012186253066953359	0.02243598488729508	0.04462104271825782	0.043005209768610865	0.04369
1938	0.006479008667340332	0.011487110949240095	0.06214742035776783	0.05614708120546808	0.08761
1940	0.02341971074165079	0.019249055215804303	0.05550019585844837	0.0556339224160289	0.07357
1941	0.011805134910050988	0.02293172950286031	0.052341732043554336	0.04670996590700109	0.07547
1945	0.004954536039730842	0.009489968355105873	0.007731011102469375	0.008836344032782092	0.00955
1948	0.0058120518927611805	0.00803106277215676	0.08365800398600037	0.07325654620945267	0.09976
1949	0.0105379170383506	0.013696715521473701	0.08605265629010304	0.07940193561468781	0.11224
1952	0.0188272369509772	0.03160017820931523	0.06866046175384016	0.06010215870456036	0.09733
1956	0.0034014795503536743	0.004192583034494535	0.0050783143690453034	0.0036672079342849194	0.00446
1957	0.0015340005815320493	0.0023370817590932375	0.0026939838421154963	0.002628374287371444	0.00534
1958	0.018246031761701084	0.01900826497395833	0.06816501644954306	0.045933969688824766	0.12292
