Position	rPB66v1	rPB66v2	rO66v1	rO66v2	23S	rT66v1	rT66v2	rT66v2-10	EGFP	rO44v1	M13	rT55	rsc1218v1n660	rT77	rsc1218v1n924
29	0.005564325090774638	0.004985774419398907	0.00394291888003111	0.00698396596358698	0.00366	0.006014619232568564	0.004329871550964375	0.003555104404766901	0.004784963703381783	0.004587862405608451	0.003386297723910477	0.005774423554660512	0.005934702430618044	0.005268346847066868	0.0045991980872011244
30	0.00471633719166686	0.007011245277279713	0.008866406591483569	0.006420742902007385	0.00558	0.006247443202861542	0.005893123877156707	0.006208772080119972	0.007647397347369098	0.00911164852063578	0.0062202206417930036	0.008710405801202428	0.010074519248073555	0.00842699775313828	0.008362178340365681
32	0.005707244399613028	0.007252035519125683	0.0073387835699008355	0.009136729665624543	0.00576	0.008045361640123972	0.006005588073285652	0.00608723004918777	0.006493879311732419	0.006881793608412677	0.006772595447820954	0.006301144622146437	0.009090227137629588	0.007943771308552727	0.006221858884200656
33	0.02368649345148245	0.01868248994087261	0.026310210013610728	0.03102733265901814	0.02241	0.025830526037504138	0.023257595759465784	0.02216116363997145	0.025106818479351437	0.030154302347476774	0.023872198138773146	0.027379741415425776	0.029716936805021566	0.027484977287158693	0.02258783649320206
36	0.031832894055270664	0.02533963192132001	0.029964119132801864	0.02675935345904832	0.02695	0.032866983806358545	0.03512256845106946	0.03388996962492891	0.02896611956154329	0.03328122532783561	0.032962366142320065	0.03510498373855268	0.03486999550087528	0.03212866555951741	0.027256719399906235
37	0.10426439977456656	0.11751980215270662	0.11280670272214659	0.12101786183140234	0.10693	0.11242810832147519	0.1187509446925528	0.11788564150165799	0.11771580348855301	0.11673418618069102	0.11628690481684063	0.117273470266357	0.11273039641378858	0.11929800175841351	0.11920086124706984
39	0.0020294541855051334	0.005778965804303279	0.0032926469181411623	0.003529531185898796	0.00202	0.003143123598955185	0.0019343841734178503	0.0023295555928672	0.002107662583632452	0.0026912042044071917	0.0028459310658396565	0.00290671996501492	0.0027357530716751468	0.0028522146241391094	0.002717707960618846
40	0.0034681752278115895	0.00699708114540642	0.0030242807116468984	0.0032917258932318562	0.00312	0.003828660844817839	0.0039025076056743843	0.002886623234639791	0.0035175179605217268	0.004921059116630294	0.005511739912322373	0.0035992606278204883	0.004385889845066505	0.004054387730181214	0.004240819015471167
41	0.0016864478442929984	0.003569361232069672	0.002301756309546957	0.0022654083143534825	0.00244	0.0022894357078809377	0.0033964187230941328	0.0016712029253177737	0.00202221680321492	0.0022170396541068772	0.002449662183254388	0.0031798345926002144	0.003329223314736951	0.0027932845699213597	0.0018814901265822783
43	0.01648336028602761	0.018710818204619194	0.014027295177911722	0.014456058580542941	0.01773	0.01548279402448295	0.014609099077149927	0.013815277515960263	0.015992601901481374	0.01505792828656405	0.015442478272868345	0.016601467719648974	0.015256527711881507	0.01428464514238265	0.016913501190811062
48	0.018493758563687623	0.0212886902055584	0.01601939817227299	0.02634632321388995	0.02196	0.021536217252100347	0.021323211586047934	0.020024049596080236	0.022600408920437166	0.021209252182351916	0.02107429966476201	0.02095179357332902	0.022016298529195226	0.022028054266595022	0.01971084894514768
50	0.0032776161493604035	0.0032010938033640705	0.004758339276686759	0.005006427214040846	0.00304	0.004371916775501451	0.003925000444900173	0.003858959482097405	0.004585590215740875	0.004344372501400181	0.004034737713595462	0.004086965319937086	0.00425561588927245	0.003995457675963463	0.004200999118612283
51	0.006917294547778061	0.00681294743105362	0.008040664417655064	0.0077349300456931065	0.00398	0.006131031217715054	0.006140545108640385	0.006137872562076188	0.006237541970479824	0.00561308305490643	0.005811943611250606	0.0059402431499801555	0.005442556375396059	0.005103342695257167	0.005246271411157993
53	0.0016864478442929984	0.005778965804303279	0.002817845168189772	0.004968879009935539	0.00294	0.0035570328794760327	0.004161175256770957	0.002339684095444883	0.00209342162022953	0.0030756619478939334	0.0026658088464827164	0.0026823758066412853	0.0035463465743937085	0.002628280418111659	0.0028968974964838252
56	0.003087057070909217	0.001260607736723019	0.0042525721952168	0.0043806238122857406	0.00349	0.005354951316738464	0.00419491451560964	0.002754952701129906	0.005226433568872364	0.00488261334228162	0.004527071779837765	0.0031993427802848784	0.0026489037678124436	0.003158650906071411	0.0035539257946554143
57	0.14157586733530883	0.15259019267097848	0.15253522306047052	0.1545358920294058	0.14269	0.14061274339194166	0.1411763054006644	0.13954038001274527	0.14928801935283104	0.13427827454180266	0.1434373273479101	0.13938600100692353	0.14085509598132726	0.13658807966590142	0.11872302248476324
58	0.14002281084593166	0.14686788339416837	0.13444114767645343	0.14278330414444493	0.13403	0.1342100842088848	0.13195424131809091	0.13645118672655182	0.13362295960961684	0.1329967487301802	0.1335786378751069	0.1334847742323127	0.13756929731852166	0.13030613588628925	0.12887709618377868
61	0.009518425968636753	0.011855378377945697	0.005924700097219521	0.010726270306082511	0.00724	0.011434243874388413	0.012854657617538389	0.010320944126659463	0.010566794844968103	0.0093295079086116	0.010939422788944839	0.011207453824839406	0.010117943900004906	0.009711672935085234	0.010452722925457103
62	0.0022676530335691164	0.0023937382865864072	0.0015689101302741588	0.002578310015231036	0.00126	0.003233666254069121	0.002035601949933901	0.00163068891500704	0.0022073493274529054	0.0022170396541068772	0.0025217110709971637	0.0015606550147731115	0.0018383102650938816	0.0028640006349826596	0.0019511749460853255
64	0.0023343487110270315	0.003767659078295765	0.0018372763367684227	0.004267979199969821	0.00065	0.002522259678173914	0.00248545873444968	0.0016712029253177737	0.0023212770346762814	0.0012430800372737983	0.001645116270126721	0.0015313927332461156	0.0036331958782564117	0.0013553912470082546	0.0014335162869198311
67	0.05051721169740947	0.04454619474150444	0.06060947555901224	0.05572153489227461	0.0488	0.06556581696750549	0.061517915282532795	0.060527931404236464	0.0598262872556752	0.05715605119836227	0.05956041386736158	0.0558129249658234	0.05144373765467446	0.05327276901284618	0.04564355677449601
68	0.0274690911587385	0.02400820352523053	0.026041843807116466	0.025582843063748723	0.01955	0.02258392511841874	0.021581879237144504	0.020378547186299157	0.021233276433756658	0.020530043502192008	0.018564596741721978	0.02324400562627703	0.023565111114746764	0.02152125580032237	0.020995040618846692
72	0.08487501354215836	0.0766562816982582	0.08312127157301186	0.08395778437946498	0.08809	0.08434695057113896	0.08813819050625403	0.08549469025822623	0.09011681641369024	0.08182542307209487	0.08656673862294549	0.0863139764107954	0.0873848745698564	0.08652110560250086	0.07635465222691044
73	0.07787196740907726	0.0634836390560963	0.07320204370989694	0.07616027399359637	0.06886	0.06944621647238844	0.0676247211323345	0.0717199267525767	0.07479353979214619	0.07016353818633037	0.07190478996729056	0.07514553896132531	0.074733825973856	0.07547761344209446	0.07336815996249413
74	0.11310634101470159	0.11590509111915129	0.11808113085747617	0.11949090153111988	0.11212	0.12177987112824308	0.12206863847835667	0.11810846855836704	0.12298495994763416	0.12321870678750071	0.12028561808656471	0.12171158296461802	0.12666970968375244	0.11965158208372001	0.12023617856540082
77	0.08270264004781483	0.07880922974299863	0.08380250886642036	0.0876124762457148	0.08049	0.08423053858599246	0.0839320295710315	0.08077480805702573	0.08480493706440034	0.08732316880395528	0.08752739045951584	0.08327069913198783	0.08489519452579225	0.08087560640844038	0.08554309342709798
78	0.007298412704680434	0.00711039420039276	0.004902844157106746	0.007897638930149433	0.00473	0.005691252607161653	0.006320487822446697	0.004132429051694859	0.004870409483799314	0.006023171314625621	0.005115471029737103	0.004321063572153052	0.003864794021890287	0.005492281053094319	0.004519558293483356
79	0.013177160274899529	0.012577749103483606	0.013893112074664591	0.017422366704862143	0.01343	0.014396282163115726	0.015328869932375174	0.012539086191172145	0.012460842977556726	0.012251386759110838	0.01332904423241358	0.01362646909773773	0.015531550507446732	0.013624628535143847	0.014763226760431314
81	0.005840635754528858	0.00975908686069843	0.009382495450126385	0.009011568985273522	0.009	0.008394597595563437	0.008457307548896648	0.007424192389441989	0.009356312955719736	0.008393994066127194	0.010314999095174113	0.008095897889135516	0.009509998772965987	0.008780578078444781	0.008491593005157054
82	0.00457341788282847	0.00681294743105362	0.001372796363989889	0.004768621921373906	0.00417	0.0035182288844272038	0.0036775792134164944	0.0016509459201624068	0.0032896625460749757	0.0027680957531045405	0.0029419962494966908	0.0019020482992547294	0.0038937437898445212	0.0030172187759488107	0.0015728859259259258
83	0.027145140725371483	0.03395142410028176	0.022656300894419598	0.029500372358735684	0.02735	0.02619269665795988	0.022830231814175792	0.026850660333438896	0.02607520399075013	0.025322950037660056	0.025241127005885898	0.027545561010745418	0.02531657207597794	0.027591051384750646	0.023702793605250818
84	0.13611634973768233	0.12148575907722847	0.13507077608399765	0.1297165291157983	0.13711	0.1347145361445196	0.13070588874105965	0.12925994989639655	0.13128744161153766	0.13682851090693138	0.13170536679379471	0.1323923157219715	0.12322468729719853	0.1330522764128364	0.13536773937177682
87	0.11673649145919669	0.11481445296490778	0.1335431530624149	0.14129389204826778	0.12557	0.11769251698309972	0.11949320838700384	0.1174501158908176	0.1129023578583654	0.11997644648409586	0.11753575220438209	0.12236510725205427	0.11343966572866732	0.11808404264152786	0.11824518372245661
92	0.0016959757982155574	0.004065105847634904	0.001001212385767062	0.004005141771232677	0.00207	0.00213421972768562	0.0021593125656757402	0.0014483758686087372	0.0033039035094778973	0.002460529558315147	0.0019333118210978256	0.0011704912610798334	0.0035463465743937085	0.0021686259952132074	0.002170184378809189
95	0.07569006596081117	0.0742200510160519	0.08213038096441765	0.08121676547977763	0.06657	0.07370172126274341	0.07314671316226569	0.07321894513407386	0.07396756391477673	0.07773735573301918	0.0796140209557676	0.07537963721354128	0.07496542411748987	0.07551297147462512	0.06522499105485231
97	0.03212826062687	0.038753064805327864	0.032905825627065906	0.03335532131354713	0.02967	0.032530682515935355	0.033255662795328975	0.030810904841313137	0.03302479413137605	0.03549826498194249	0.033935026126847546	0.030598592383395316	0.029210315865822466	0.0291585908269428	0.02911829957805907
99	0.006917294547778061	0.009220849849513319	0.004376433521291074	0.005281780710813092	0.00783	0.007877210994912379	0.006995272999220366	0.007728047466772493	0.008387927444321042	0.0076378938372699354	0.008057467279233795	0.007247291724852637	0.008931003413881299	0.007920199286865628	0.007187491383028597
103	0.0035253429513469456	0.007506989892844945	0.004964774820143884	0.006082809065059628	0.00536	0.006040488562601118	0.0059830952340598625	0.005783374971857266	0.006963831104028845	0.006522966381158384	0.005499731764365243	0.005384259800967234	0.008076985259231385	0.00577514531333952	0.0058137049413970925
104	0.15118957284317117	0.14247700251344775	0.15693230013610732	0.16262127198008175	0.15462	0.1552677188553829	0.14476391325717775	0.15616125274272386	0.1600114647952313	0.1572175865698449	0.15733075453430875	0.14898402934777813	0.1615397051846277	0.15390172959507642	0.1619873404219409
106	0.004840200592660131	0.007946077980917008	0.006451110733035193	0.008398281651553518	0.00391	0.004669414070875811	0.005836891779092235	0.005884659997634101	0.00628026486068859	0.004946689632862744	0.0047912510348946105	0.005169669736435931	0.006484748021748496	0.005197630782005568	0.005953074580403187
107	0.013215272090589767	0.015353918950648906	0.013149944118218937	0.015106894118368254	0.01028	0.014266935512952961	0.012978368233280229	0.012498572180861412	0.011093710490876216	0.014224936509009444	0.010230942059474207	0.01197802723838363	0.016110545866531416	0.012870323841156644	0.013369530370370367
109	0.002896497992458031	0.003172765539617486	0.005357002352712424	0.00555713420758534	0.00455	0.004501263425664216	0.005117120923866988	0.004466669636758414	0.0042580480574736694	0.005190179537071013	0.003098102172939372	0.0036772933785591435	0.004183241469386865	0.0034533011771601617	0.0035937456915142987
110	0.006888710686010383	0.012166989279158128	0.009279277678397821	0.012879034008120077	0.00959	0.009351762806767899	0.009773138643605302	0.009470149910134052	0.01170607191720186	0.010162499686166206	0.009918730212588845	0.010641716381984153	0.01066798949113536	0.008368067698920529	0.009546820271917486
112	0.05102219325530512	0.046430024280652314	0.046984729690841914	0.04947601694275866	0.04872	0.05504993430927271	0.052644490207959055	0.052222559290536014	0.050754793568013906	0.0521452852749184	0.05299195693481183	0.05125776314145438	0.049880450185145794	0.0439028903922239	0.052701633492733234
113	0.13021854625961812	0.11621670202036372	0.12519283532957415	0.12345849509824726	0.11749	0.11924467678505289	0.11523081535371682	0.12350696043227233	0.11552269512450303	0.11256922729291798	0.12931574535032597	0.1217018288707757	0.11416340992752318	0.1170350876764519	0.1180958591092358
114	0.17603847667320585	0.17410550898650956	0.17269365387905888	0.18487484094649334	0.17164	0.1598336556061285	0.16393905869716283	0.16775838819417144	0.16529486221771533	0.16284348488286757	0.16684120771635522	0.16504902190609885	0.16421755872039437	0.17063786499291747	0.18253440720112515
115	0.11283003035094737	0.10946041111680327	0.10782128434765699	0.11748833064550354	0.11055	0.10086451779692401	0.10009313455476086	0.10573143840843782	0.10573915326669564	0.10266303276907626	0.10899795900686313	0.0992283966580429	0.1057535023368181	0.10810129145704096	0.10089366366619783
116	0.12714101714263146	0.12066423942857753	0.1280932547151468	0.12820208488355095	0.1279	0.12022771132628991	0.11730015656248942	0.12170408697344468	0.12493597193383446	0.11882307325363564	0.1281269387025702	0.12050207532816887	0.11953359188303365	0.12018195257167977	0.12820015793717768
121	0.003268088195437844	0.005014102683145492	0.0057801952167995324	0.004155334587653902	0.00314	0.0036734448646225213	0.006140545108640385	0.0032917633377471302	0.003090289058434068	0.004651938696189575	0.0042989169686523075	0.0033554082817621894	0.0054280814914189415	0.0037597374590924632	0.002438968682606657
124	0.16289942821399658	0.16657019082991803	0.16062749636398987	0.16555003190029566	0.16806	0.1785371812196643	0.1674479416163859	0.16550986062192571	0.175576837794625	0.16991750736302363	0.17218483355727776	0.16681451289156096	0.17505924681925517	0.17364329775802273	0.16740284639474917
128	0.002982249577761065	0.0004957446155652323	0.003911953548512541	0.0037798525466008386	0.00249	0.001901395757392643	0.005443267092640928	0.003980501513029607	0.003645686631148025	0.0037292401118213946	0.00369850957079584	0.005394013894809566	0.003647670762233529	0.0018621897132809063	0.004609153061415845
130	0.2083001286549917	0.20447340772284833	0.22071056128718644	0.23901935126634508	0.20444	0.2242870913822342	0.21270353413867327	0.21242508456175557	0.2073626681099468	0.2094141328772282	0.21177569737193322	0.2056065441025151	0.20376294174587853	0.21300857397547987	0.204415440525082
134	0.0988429939926303	0.0947722063641991	0.09708663608788644	0.12516068035102115	0.10846	0.11313951489737041	0.10996749097488222	0.10540732632595194	0.11444038190588096	0.10804544117789064	0.11595067667404102	0.10748036004865572	0.11053021404926677	0.10732341474136667	0.10567205128926394
137	0.01983720006676849	0.013031001323428961	0.023729765720396652	0.021490088816270334	0.01396	0.0180955963577708	0.019208884698823772	0.01569917899540939	0.018598698204216096	0.018261742815620232	0.017243700466437747	0.02239539946199415	0.03206186800931455	0.011432430518243539	0.01899409080168776
139	0.02338159892596055	0.0214728239199112	0.018372763367684227	0.029400243814454868	0.02311	0.02682649524375743	0.025023283638690216	0.02217129214254913	0.027542023221251093	0.02531013477954383	0.02737857734225492	0.026248266529715267	0.025171823236206772	0.025174919161822885	0.025036760150023436
140	0.09471738994416212	0.07858260363302595	0.0931024300991639	0.10463432877345367	0.09221	0.09513446119471354	0.0977763721145046	0.08977904684858634	0.09381946689844994	0.08397838643562062	0.09239069038215322	0.09276143244057682	0.08799281969689532	0.08963261246519806	0.09050067058602906
141	0.09922411214953267	0.10729329894018953	0.0975201507291464	0.10907753292591493	0.09212	0.1014853817177053	0.10084664466882479	0.10274353014802119	0.10216467145256222	0.09424340818671662	0.09993180729923046	0.10144257596025223	0.09411569561921589	0.09369878620622282	0.09576685194561649
142	0.01593073895851917	0.020183887919441597	0.01998296060664981	0.02066402832595359	0.01758	0.019363193529365896	0.019894916295210334	0.019031456343467257	0.018883517472274534	0.01644197616311632	0.016379113813524433	0.01808408998368343	0.018079130087419355	0.019093337566551065	0.01604741843413033
143	0.017483795447896338	0.01821507358905396	0.010827544254326266	0.014143156879665388	0.01218	0.017371255116859316	0.015328869932375174	0.013450651423163658	0.014426095927159958	0.014724731575542209	0.01113155315625891	0.010310077191344866	0.0165158426178907	0.014850373662873052	0.014574082250351617
145	0.003020361393451302	0.009079208530780395	0.0032307162551040245	0.004693525513163293	0.0042	0.002664540993352956	0.002957808358191248	0.004446412631603046	0.005069782971440222	0.005728420377952452	0.004887316218551646	0.004125981695306414	0.008453332242636431	0.0038658115566844132	0.004668882906704172
146	0.11405913640695753	0.09967299599235827	0.11428271685786505	0.12240714538329868	0.10861	0.10920737673242235	0.10463668807837023	0.10622773503474431	0.10484197257231156	0.10659731701075725	0.10597190572166652	0.11356691460627086	0.11100788522051162	0.10640410589556977	0.10835989432723862
148	0.007231717027222518	0.005198236397498292	0.006399501847170911	0.0054570056633045224	0.00225	0.006337985857975476	0.004228653774448324	0.003119578793926511	0.004343493837891201	0.0038445774348674173	0.0032662162443391836	0.0036577851908744796	0.005413606607441825	0.0033590130904117615	0.00588338976090014
154	0.00775575449296328	0.01212449688353825	0.00958893099358351	0.010413368605204958	0.00576	0.009015461516344709	0.008502293227348226	0.008052159549258366	0.01003987919905999	0.009406399457308947	0.006532432488678367	0.007286308100221964	0.009958720176256618	0.0074841168856542755	0.006630012827004219
155	0.1735897925151081	0.165309583093195	0.17580050880808865	0.17920506212659207	0.16728	0.16706413335022705	0.16911241171909427	0.1705538549056121	0.16489611524243353	0.16558595011973964	0.16965111433832347	0.17135992062208763	0.166026919217534	0.16356625848678744	0.1628235582559775
156	0.20809051366869538	0.19033760411330258	0.2117409369239743	0.19064474831067543	0.20146	0.1852890763581606	0.19669987902952443	0.2014255307623913	0.19132734331825668	0.20057160477703317	0.19340323099752535	0.2002905629584442	0.18430869768063302	0.20332047306208173	0.20789968150023438
157	0.16146070717169012	0.15260435680285178	0.1661702907058137	0.20235978799153098	0.17039	0.16498165228260653	0.16469256881122674	0.16297773497750484	0.16596418749765265	0.14624772562235655	0.16571244180838507	0.16558549706742712	0.15145071105257704	0.15868684999755775	0.15775647638068446
159	0.07939644003668675	0.07463081084037738	0.08226456406766477	0.10902746865377452	0.07587	0.08782637546051733	0.08540531054032066	0.08006581287658789	0.0899601658162581	0.08373489653141235	0.08331253052656343	0.07954463528421703	0.08535839081306	0.08372782103257949	0.07885335075480543
160	0.09748049658170432	0.0938515377924351	0.10757356169550844	0.11221906600272556	0.09221	0.10355492812030953	0.09686541212586014	0.09742606629473737	0.10269158709847033	0.09464068118831959	0.1110753686034465	0.09848708552602567	0.10796815958531704	0.09560811996287792	0.09205364656352553
161	0.16578639825253202	0.15437487328701333	0.16403368283103245	0.17625127007030797	0.16249	0.15473739758971558	0.16149858564116473	0.15591816868085945	0.15729144078527318	0.15989597551613588	0.16063299522251934	0.15020329107806962	0.16023696562668718	0.15225168807697942	0.16342085670886075
162	0.14014667424692492	0.12618825085916155	0.13150976295936223	0.13818990717556243	0.1324	0.14017296478138824	0.1454499448535643	0.13652208624459558	0.14577050139230932	0.14364622822476292	0.13333847491596432	0.13450895408575753	0.1414051415724577	0.13348835881404775	0.13394417805907172
165	0.002143789632575845	0.0023087534953466528	0.0007225244020999416	0.002415601130774708	0.00118	0.00165563712208339	0.001574498745805227	0.0014990183814971546	0.0022500722176616718	0.0017813208781552365	0.0015850755303410743	0.0015704091086154435	0.002026483756796405	0.0016500415180970057	0.001035317318330989
171	0.0035158149974243865	0.006742126771687159	0.0039325971028582535	0.005294296778848195	0.00504	0.004798760721038575	0.005409527833802244	0.0042033285697386435	0.0056963853611687884	0.004972320149095193	0.003794574754452875	0.004340571759837716	0.0067308210493594875	0.005079770673570067	0.003872484969526488
172	0.11934715083397796	0.11114594280972506	0.12183825774839586	0.1273009279850236	0.11006	0.11216941502114967	0.11077723318701062	0.11441156511751256	0.11206214101759299	0.11359444794221595	0.11599870926586954	0.11323527541563157	0.11575564716500607	0.11648114516680505	0.11616459411157992
174	0.1379933566604265	0.12647153349662738	0.13158201539957223	0.13274541758029304	0.12702	0.12459962810179136	0.12395803697332294	0.12731527740148132	0.1301624055027068	0.12121952652136965	0.12570129281523004	0.12255043503505858	0.11372916340820967	0.12496707297416108	0.1300517831411158
175	0.12069059233705881	0.1262449073866547	0.12739137386739255	0.1450862606629037	0.13031	0.12593189859846785	0.12718575940222365	0.1264644831849559	0.13123047775792596	0.13641842264721218	0.12979607126861117	0.12900764515868232	0.12423792917559674	0.12523815122356272	0.13382471836849505
176	0.15097995785687485	0.14250533077719432	0.13454436544818196	0.15645085043877643	0.13935	0.13916406091011868	0.13400108968763771	0.14393615013145988	0.14182575452969992	0.13143328724000078	0.1423325777358542	0.13607936319437297	0.13509409215843463	0.14222179284911834	0.13283917592123767
177	0.1397274442743323	0.12960180664062498	0.13412117258409487	0.16005547803288583	0.14858	0.13743081579793764	0.13353998648350904	0.14120145443548537	0.14088585094510708	0.13673880410011782	0.14115577923605552	0.14324862216848697	0.12931861345156487	0.13715380818639183	0.14522316384435066
178	0.212206589763241	0.2086093342298497	0.21717019171689672	0.23120932481244136	0.21654	0.2024792461647921	0.2124561129071896	0.2112501782627443	0.20704936691508252	0.19349758229687714	0.2024333582612866	0.2122588361029855	0.198016412806963	0.20261331241146877	0.22235430406000936
179	0.10758965569353976	0.11390794852501708	0.1193713530040832	0.11538563121560638	0.11625	0.11066899387926159	0.10801061396223857	0.11276061919735016	0.1086300688374888	0.11347911061916993	0.105551620543167	0.11169412858854312	0.10795368470133991	0.10907953035705562	0.11757820045007032
181	0.002277180987491676	0.001218115341103142	0.0016514843476570095	0.0027034706955820567	0.00086	0.002198893052767002	0.0010684098632249754	0.0007596376933262608	0.0021219035470353737	0.0019222887174337087	0.0017291733058266267	0.001648441859354099	0.0030686754031488414	0.002038979875934157	0.00123441680262541
183	0.001495888765841812	0.0012322794729764342	0.000701880847754229	0.0028035992398628734	0.00122	0.001474551811855519	0.0019456305930307448	0.0014787613763417877	0.0018370842789769343	0.0014096783927847198	0.0014649940507697808	0.0019118023930970614	0.0025765293479268576	0.0023218441361793577	0.000995497421472105
184	0.001705503752138117	0.0013172642642161885	0.001672127902002722	0.0021903119061428703	0.00128	0.0017461797771973254	0.0016419772634825938	0.0018130019614053423	0.0022215902908558276	0.0018710276849688097	0.0011647903518415472	0.001482622264034456	0.0016790865413455927	0.001532181409661505	0.0010552272667604312
185	0.008565630576380821	0.0101840108168972	0.009609574547929224	0.011514782592293946	0.01058	0.010425340003118845	0.008524786066574015	0.010381715142125564	0.011093710490876216	0.009995901330655284	0.010050819840117268	0.009598028340854636	0.01163780671760221	0.010194899379670785	0.00873051238631036
188	0.004802088776969893	0.009008387871413934	0.004077101983278242	0.0038924971589167573	0.00365	0.0036863795296387977	0.0036663327938036	0.004193200067160959	0.0052549154956782074	0.004382818275748855	0.0034703547596103826	0.004623440481265343	0.004776711712448669	0.0037008074048747127	0.004429963525550867
189	0.10183477152431393	0.11426205182184938	0.10206173268520317	0.10767573330598348	0.11219	0.10461557065164419	0.10603124411036915	0.10583272343421465	0.10669329781469142	0.10559772687769173	0.10951430936901968	0.10382257485778125	0.10096231574039233	0.09742316563278464	0.09871352431317391
190	0.10854245108579567	0.11145755371093749	0.1033313112774645	0.10980346487195085	0.10348	0.10575382117307652	0.10571634436120811	0.10665313214300702	0.10334667141500474	0.1074046782720794	0.10558764498703838	0.10909953962648282	0.11799925418145923	0.10191363576417721	0.10868840847632441
192	0.07028771608672005	0.08412077919548326	0.0767320915030138	0.08964007926740135	0.07818	0.07847461265374943	0.08404449376716044	0.08328667669629124	0.07769869632634227	0.08595193618551923	0.08195560980740783	0.084363157642329	0.08755857317758181	0.08403425731451179	0.07967961361462728
193	0.14369107310611698	0.16257590564164956	0.14792138866420373	0.16723970108503444	0.14898	0.14946005426307477	0.1480703606233687	0.159260574531495	0.1462831760748145	0.15159168825682226	0.15175897388220072	0.15295394554160727	0.15561947763798678	0.15155631343721	0.1528088541959681
195	0.003239504333670166	0.005538175562457308	0.003777770445265409	0.00568229488793636	0.00275	0.003375947569248162	0.004397350068641742	0.003474076384145433	0.004229566130667825	0.002921878850499237	0.002629784402611328	0.0030237690911229034	0.005297807535624887	0.002345416157866458	0.004031764556962024
196	0.0034395913660439114	0.002762005715292008	0.001176682597705619	0.00349198298179349	0.00167	0.0033630129042318854	0.002395487377546524	0.0019345439923375443	0.0026915420831522528	0.003267890819637305	0.0015610592344268155	0.002214179302209352	0.003850319137913169	0.0022039840277438575	0.002249824172526957
200	0.004249467449461454	0.006501336529841188	0.007390392455765117	0.008798795828676787	0.00492	0.007450367049375255	0.008052436442832447	0.007059566296645383	0.00909997561446714	0.006471705348693485	0.006880668779435118	0.00621335777756545	0.009567898308874456	0.0064469479314218725	0.00682911231129864
